1684223141.000000,timestamp
0.000000,1684223141.0
0.846297,1684223141.25
1.193533,1684223141.5
1.631475,1684223141.75
2.109136,1684223142.0
2.597141,1684223142.25
3.092827,1684223142.5
3.589852,1684223142.75
4.087978,1684223143.0
4.586787,1684223143.25
5.059641,1684223143.5
5.046185,1684223143.75
5.060269,1684223144.0
5.065390,1684223144.25
5.082034,1684223144.5
5.071792,1684223144.75
4.404740,1684223145.0
4.565434,1684223145.25
4.715233,1684223145.5
4.701149,1684223145.75
4.711392,1684223146.0
4.734438,1684223146.25
4.776689,1684223146.5
4.872714,1684223146.75
5.008429,1684223147.0
5.101239,1684223147.25
5.175498,1684223147.5
5.194703,1684223147.75
5.188302,1684223148.0
5.157574,1684223148.25
5.110201,1684223148.5
5.070511,1684223148.75
5.044905,1684223149.0
5.015457,1684223149.25
5.002654,1684223149.5
5.014177,1684223149.75
5.025700,1684223150.0
5.028261,1684223150.25
5.023139,1684223150.5
5.020578,1684223150.75
5.007775,1684223151.0
4.987290,1684223151.25
4.977047,1684223151.5
4.960403,1684223151.75
4.946320,1684223152.0
4.929675,1684223152.25
4.920713,1684223152.5
4.919433,1684223152.75
4.916872,1684223153.0
4.913031,1684223153.25
4.919433,1684223153.5
4.904068,1684223153.75
4.898947,1684223154.0
4.893826,1684223154.25
4.918152,1684223154.5
4.998813,1684223154.75
5.115323,1684223155.0
5.207507,1684223155.25
5.229272,1684223155.5
5.161415,1684223155.75
5.187021,1684223156.0
5.189582,1684223156.25
5.155013,1684223156.5
5.108921,1684223156.75
5.074352,1684223157.0
5.047465,1684223157.25
5.025700,1684223157.5
5.019298,1684223157.75
5.009056,1684223158.0
5.000093,1684223158.25
4.986010,1684223158.5
4.973207,1684223158.75
4.965524,1684223159.0
4.952721,1684223159.25
4.951441,1684223159.5
4.945039,1684223159.75
4.945039,1684223160.0
4.933516,1684223160.25
4.928395,1684223160.5
4.923274,1684223160.75
4.924554,1684223161.0
4.913031,1684223161.25
4.918152,1684223161.5
4.915592,1684223161.75
4.913031,1684223162.0
4.911751,1684223162.25
4.907909,1684223162.5
4.904068,1684223162.75
4.897667,1684223163.0
4.891265,1684223163.25
4.889985,1684223163.5
4.887424,1684223163.75
4.888705,1684223164.0
4.892546,1684223164.25
4.895106,1684223164.5
4.900228,1684223164.75
4.895106,1684223165.0
4.889985,1684223165.25
4.884864,1684223165.5
4.872060,1684223165.75
4.866939,1684223166.0
4.879742,1684223166.25
4.898947,1684223166.5
4.923274,1684223166.75
4.937357,1684223167.0
4.941198,1684223167.25
4.943759,1684223167.5
4.937357,1684223167.75
4.924554,1684223168.0
4.913031,1684223168.25
4.906629,1684223168.5
4.901508,1684223168.75
4.895106,1684223169.0
4.888705,1684223169.25
4.881022,1684223169.5
4.873341,1684223169.75
4.869500,1684223170.0
4.863098,1684223170.25
4.859257,1684223170.5
4.860538,1684223170.75
4.855416,1684223171.0
4.851575,1684223171.25
4.846454,1684223171.5
4.842613,1684223171.75
4.836211,1684223172.0
4.838772,1684223172.25
4.845173,1684223172.5
4.765793,1684223172.75
4.758111,1684223173.0
4.767074,1684223173.25
4.781157,1684223173.5
4.886144,1684223173.75
5.019298,1684223174.0
5.171657,1684223174.25
5.321456,1684223174.5
5.440526,1684223174.75
5.560419,1684223175.0
5.589867,1684223175.25
5.569381,1684223175.5
5.454152,1684223175.75
5.340202,1684223176.0
5.264663,1684223176.25
5.219851,1684223176.5
5.186563,1684223176.75
5.176320,1684223177.0
5.153275,1684223177.25
5.126388,1684223177.5
5.107183,1684223177.75
5.090538,1684223178.0
5.077735,1684223178.25
5.047007,1684223178.5
5.025241,1684223178.75
5.000915,1684223179.0
4.986832,1684223179.25
4.991953,1684223179.5
5.026522,1684223179.75
5.080296,1684223180.0
5.143032,1684223180.25
5.207048,1684223180.5
5.251860,1684223180.75
5.271065,1684223181.0
5.268504,1684223181.25
5.240337,1684223181.5
5.204487,1684223181.75
5.166078,1684223182.0
5.132789,1684223182.25
5.108463,1684223182.5
5.085417,1684223182.75
5.103342,1684223183.0
5.057250,1684223183.25
5.044446,1684223183.5
5.039325,1684223183.75
5.031643,1684223184.0
5.020120,1684223184.25
4.994514,1684223184.5
4.974028,1684223184.75
4.962505,1684223185.0
4.956104,1684223185.25
4.950983,1684223185.5
4.966346,1684223185.75
5.017560,1684223186.0
5.090538,1684223186.25
5.164797,1684223186.5
5.217291,1684223186.75
5.250579,1684223187.0
5.251860,1684223187.25
5.239056,1684223187.5
5.210889,1684223187.75
5.164797,1684223188.0
5.125107,1684223188.25
5.091818,1684223188.5
5.067492,1684223188.75
5.047007,1684223189.0
5.039325,1684223189.25
5.023961,1684223189.5
5.012438,1684223189.75
4.999635,1684223190.0
4.989392,1684223190.25
4.971467,1684223190.5
4.958664,1684223190.75
4.943300,1684223191.0
4.927937,1684223191.25
4.928395,1684223191.5
4.915592,1684223191.75
4.906629,1684223192.0
4.907909,1684223192.25
4.947600,1684223192.5
5.047465,1684223192.75
5.157574,1684223193.0
5.256159,1684223193.25
5.321456,1684223193.5
5.354744,1684223193.75
5.358585,1684223194.0
5.324017,1684223194.25
5.266402,1684223194.5
5.216469,1684223194.75
5.171657,1684223195.0
5.126846,1684223195.25
5.099959,1684223195.5
5.078193,1684223195.75
5.055147,1684223196.0
5.033382,1684223196.25
5.021859,1684223196.5
5.014177,1684223196.75
5.009056,1684223197.0
4.984729,1684223197.25
4.957842,1684223197.5
4.954001,1684223197.75
4.950161,1684223198.0
4.939918,1684223198.25
4.938637,1684223198.5
4.959123,1684223198.75
5.026980,1684223199.0
5.107641,1684223199.25
5.179339,1684223199.5
5.225431,1684223199.75
5.234394,1684223200.0
5.221590,1684223200.25
5.204946,1684223200.5
5.174218,1684223200.75
5.142210,1684223201.0
5.111482,1684223201.25
5.076913,1684223201.5
5.052587,1684223201.75
5.032102,1684223202.0
5.018018,1684223202.25
5.002654,1684223202.5
5.000093,1684223202.75
4.996252,1684223203.0
4.987290,1684223203.25
4.974487,1684223203.5
4.975767,1684223203.75
4.969365,1684223204.0
4.948880,1684223204.25
4.933516,1684223204.5
4.933516,1684223204.75
4.921993,1684223205.0
4.923274,1684223205.25
4.902788,1684223205.5
4.888705,1684223205.75
4.872060,1684223206.0
4.904068,1684223206.25
4.951441,1684223206.5
5.002654,1684223206.75
5.044905,1684223207.0
5.074352,1684223207.25
5.085876,1684223207.5
5.105080,1684223207.75
5.101239,1684223208.0
5.092277,1684223208.25
5.078193,1684223208.5
5.060269,1684223208.75
5.047465,1684223209.0
5.026980,1684223209.25
5.014177,1684223209.5
4.996252,1684223209.75
4.984729,1684223210.0
4.975767,1684223210.25
4.950161,1684223210.5
4.928395,1684223210.75
4.939918,1684223211.0
4.945039,1684223211.25
4.942479,1684223211.5
4.930955,1684223211.75
4.911751,1684223212.0
4.906629,1684223212.25
4.921993,1684223212.5
4.966805,1684223212.75
4.992411,1684223213.0
5.026980,1684223213.25
5.033382,1684223213.5
5.056428,1684223213.75
5.079473,1684223214.0
4.731224,1684223214.25
5.178059,1684223214.5
5.391874,1684223214.75
5.503263,1684223215.0
5.546335,1684223215.25
5.570662,1684223215.5
5.569381,1684223215.75
5.569381,1684223216.0
5.552737,1684223216.25
5.497683,1684223216.5
5.423424,1684223216.75
5.406779,1684223217.0
5.419583,1684223217.25
5.472076,1684223217.5
5.417022,1684223217.75
5.443909,1684223218.0
5.356847,1684223218.25
5.326118,1684223218.5
5.299232,1684223218.75
5.260822,1684223219.0
5.255701,1684223219.25
5.251860,1684223219.5
5.292830,1684223219.75
5.262102,1684223220.0
5.253140,1684223220.25
5.253140,1684223220.5
5.282588,1684223220.75
5.288989,1684223221.0
5.291550,1684223221.25
5.286428,1684223221.5
5.278747,1684223221.75
5.282588,1684223222.0
5.283868,1684223222.25
5.285148,1684223222.5
4.917694,1684223222.75
5.324017,1684223223.0
5.367548,1684223223.25
5.420041,1684223223.5
5.464853,1684223223.75
5.498963,1684223224.0
5.523289,1684223224.25
5.529691,1684223224.5
5.511766,1684223224.75
5.481039,1684223225.0
5.464394,1684223225.25
5.454152,1684223225.5
5.434947,1684223225.75
5.427265,1684223226.0
5.429825,1684223226.25
5.466955,1684223226.5
5.425984,1684223226.75
5.280027,1684223227.0
5.187843,1684223227.25
5.201927,1684223227.5
5.239056,1684223227.75
5.306914,1684223228.0
5.397817,1684223228.25
5.490001,1684223228.5
5.600109,1684223228.75
5.706377,1684223229.0
5.738385,1684223229.25
5.726861,1684223229.5
5.676929,1684223229.75
5.611632,1684223230.0
5.560419,1684223230.25
5.523289,1684223230.5
5.479758,1684223230.75
5.472076,1684223231.0
5.463114,1684223231.25
5.402938,1684223231.5
5.396537,1684223231.75
5.399097,1684223232.0
4.785820,1684223232.25
4.275427,1684223232.5
3.790836,1684223232.75
4.586787,1684223233.0
4.908563,1684223233.25
4.927768,1684223233.5
4.916872,1684223233.75
4.893826,1684223234.0
4.863098,1684223234.25
4.822127,1684223234.5
4.820847,1684223234.75
4.808044,1684223235.0
4.796521,1684223235.25
4.788839,1684223235.5
4.784998,1684223235.75
4.804203,1684223236.0
4.863098,1684223236.25
4.791399,1684223236.5
4.750429,1684223236.75
4.777316,1684223237.0
4.788839,1684223237.25
4.788839,1684223237.5
4.792680,1684223237.75
4.802923,1684223238.0
4.815726,1684223238.25
4.815726,1684223238.5
4.814445,1684223238.75
4.814445,1684223239.0
4.805483,1684223239.25
4.796521,1684223239.5
4.772195,1684223239.75
4.790119,1684223240.0
4.784998,1684223240.25
4.787559,1684223240.5
4.770915,1684223240.75
4.758111,1684223241.0
4.752990,1684223241.25
4.751709,1684223241.5
4.751709,1684223241.75
4.744028,1684223242.0
4.744028,1684223242.25
4.741467,1684223242.5
4.737626,1684223242.75
4.726103,1684223243.0
4.719701,1684223243.25
4.710739,1684223243.5
4.737626,1684223243.75
4.745308,1684223244.0
4.744028,1684223244.25
4.744028,1684223244.5
4.731224,1684223244.75
4.732504,1684223245.0
4.723542,1684223245.25
4.723542,1684223245.5
4.723542,1684223245.75
4.713300,1684223246.0
4.708178,1684223246.25
4.708178,1684223246.5
4.697936,1684223246.75
4.691534,1684223247.0
4.685133,1684223247.25
4.688973,1684223247.5
4.677450,1684223247.75
4.731224,1684223248.0
4.754270,1684223248.25
4.765793,1684223248.5
4.774755,1684223248.75
4.773475,1684223249.0
4.761952,1684223249.25
4.754270,1684223249.5
4.742747,1684223249.75
4.733785,1684223250.0
4.738906,1684223250.25
4.737626,1684223250.5
4.740187,1684223250.75
4.735065,1684223251.0
4.738906,1684223251.25
4.736345,1684223251.5
4.731224,1684223251.75
4.719701,1684223252.0
4.718421,1684223252.25
4.756831,1684223252.5
4.828529,1684223252.75
4.913031,1684223253.0
4.970646,1684223253.25
5.005215,1684223253.5
5.026980,1684223253.75
5.028261,1684223254.0
5.003934,1684223254.25
4.970646,1684223254.5
4.942479,1684223254.75
4.907909,1684223255.0
4.884864,1684223255.25
4.869500,1684223255.5
4.849014,1684223255.75
4.828529,1684223256.0
4.810605,1684223256.25
4.795240,1684223256.5
4.784998,1684223256.75
4.782437,1684223257.0
4.767074,1684223257.25
4.763232,1684223257.5
4.758111,1684223257.75
4.754270,1684223258.0
4.742747,1684223258.25
4.740187,1684223258.5
4.740187,1684223258.75
4.732504,1684223259.0
4.732504,1684223259.25
4.735065,1684223259.5
4.732504,1684223259.75
4.724823,1684223260.0
4.720982,1684223260.25
4.710739,1684223260.5
4.708178,1684223260.75
4.691534,1684223261.0
4.687693,1684223261.25
4.687693,1684223261.5
4.683852,1684223261.75
4.674890,1684223262.0
4.671049,1684223262.25
4.663367,1684223262.5
4.659526,1684223262.75
4.656965,1684223263.0
4.687693,1684223263.25
4.767074,1684223263.5
4.870780,1684223263.75
4.970646,1684223264.0
5.046185,1684223264.25
5.106360,1684223264.5
5.119164,1684223264.75
5.106360,1684223265.0
5.079473,1684223265.25
5.039783,1684223265.5
5.001374,1684223265.75
4.964244,1684223266.0
4.933516,1684223266.25
4.905349,1684223266.5
4.888705,1684223266.75
4.874621,1684223267.0
4.859257,1684223267.25
4.843893,1684223267.5
4.824688,1684223267.75
4.806764,1684223268.0
4.791399,1684223268.25
4.781157,1684223268.5
4.769634,1684223268.75
4.768354,1684223269.0
4.754270,1684223269.25
4.747869,1684223269.5
4.736345,1684223269.75
4.726103,1684223270.0
4.713300,1684223270.25
4.710739,1684223270.5
4.703057,1684223270.75
4.697936,1684223271.0
4.687693,1684223271.25
4.691534,1684223271.5
4.688973,1684223271.75
4.700496,1684223272.0
4.697936,1684223272.25
4.703057,1684223272.5
4.704337,1684223272.75
4.706898,1684223273.0
4.704337,1684223273.25
4.697936,1684223273.5
4.700496,1684223273.75
4.737626,1684223274.0
4.813165,1684223274.25
4.898947,1684223274.5
4.952721,1684223274.75
4.994972,1684223275.0
5.016737,1684223275.25
5.024419,1684223275.5
5.019298,1684223275.75
5.005215,1684223276.0
4.988570,1684223276.25
5.003934,1684223276.5
4.943759,1684223276.75
4.915592,1684223277.0
4.897667,1684223277.25
4.878462,1684223277.5
4.856697,1684223277.75
4.832370,1684223278.0
4.814445,1684223278.25
4.805483,1684223278.5
4.786278,1684223278.75
4.777316,1684223279.0
4.761952,1684223279.25
4.751709,1684223279.5
4.742747,1684223279.75
4.733785,1684223280.0
4.720982,1684223280.25
4.712019,1684223280.5
4.713300,1684223280.75
4.710739,1684223281.0
4.706898,1684223281.25
4.697936,1684223281.5
4.699216,1684223281.75
4.687693,1684223282.0
4.682572,1684223282.25
4.680011,1684223282.5
4.671049,1684223282.75
4.681292,1684223283.0
4.705617,1684223283.25
4.726103,1684223283.5
4.746588,1684223283.75
4.747869,1684223284.0
4.749149,1684223284.25
4.742747,1684223284.5
4.770915,1684223284.75
4.724823,1684223285.0
4.710739,1684223285.25
4.728663,1684223285.5
4.800362,1684223285.75
4.938637,1684223286.0
5.112762,1684223286.25
5.263841,1684223286.5
5.368828,1684223286.75
5.404677,1684223287.0
5.393154,1684223287.25
5.338100,1684223287.5
5.266402,1684223287.75
5.198544,1684223288.0
5.144771,1684223288.25
5.099959,1684223288.5
5.061549,1684223288.75
5.029541,1684223289.0
5.002654,1684223289.25
4.978328,1684223289.5
4.966805,1684223289.75
4.959123,1684223290.0
4.959123,1684223290.25
4.957842,1684223290.5
4.954001,1684223290.75
4.948880,1684223291.0
4.938637,1684223291.25
4.925834,1684223291.5
4.909190,1684223291.75
4.897667,1684223292.0
4.886144,1684223292.25
4.877182,1684223292.5
4.866939,1684223292.75
4.863098,1684223293.0
4.881022,1684223293.25
4.924554,1684223293.5
4.977047,1684223293.75
5.020578,1684223294.0
5.042344,1684223294.25
5.043624,1684223294.5
5.035943,1684223294.75
5.014177,1684223295.0
4.992411,1684223295.25
4.966805,1684223295.5
4.975767,1684223295.75
4.928395,1684223296.0
4.913031,1684223296.25
4.897667,1684223296.5
4.887424,1684223296.75
4.883584,1684223297.0
4.881022,1684223297.25
4.914311,1684223297.5
4.977047,1684223297.75
5.042344,1684223298.0
5.094838,1684223298.25
5.139649,1684223298.5
5.123005,1684223298.75
5.106360,1684223299.0
5.080754,1684223299.25
5.044905,1684223299.5
5.014177,1684223299.75
4.987290,1684223300.0
4.966805,1684223300.25
4.954001,1684223300.5
4.948880,1684223300.75
4.941198,1684223301.0
4.932236,1684223301.25
4.919433,1684223301.5
4.901508,1684223301.75
4.891265,1684223302.0
4.877182,1684223302.25
4.873341,1684223302.5
4.877182,1684223302.75
4.891265,1684223303.0
4.936077,1684223303.25
4.997532,1684223303.5
5.052587,1684223303.75
5.092277,1684223304.0
5.105080,1684223304.25
5.106360,1684223304.5
5.092277,1684223304.75
5.066670,1684223305.0
5.037223,1684223305.25
5.009056,1684223305.5
4.980888,1684223305.75
4.971926,1684223306.0
4.955282,1684223306.25
4.946320,1684223306.5
4.938637,1684223306.75
4.936077,1684223307.0
4.938637,1684223307.25
4.937357,1684223307.5
4.934796,1684223307.75
4.932236,1684223308.0
4.921993,1684223308.25
4.932236,1684223308.5
4.977047,1684223308.75
5.030821,1684223309.0
5.073072,1684223309.25
5.096118,1684223309.5
5.110201,1684223309.75
5.106360,1684223310.0
5.108921,1684223310.25
5.099959,1684223310.5
5.085876,1684223310.75
5.088436,1684223311.0
5.165256,1684223311.25
5.303531,1684223311.5
5.461011,1684223311.75
5.556578,1684223312.0
5.610352,1684223312.25
5.623155,1684223312.5
5.583465,1684223312.75
5.505365,1684223313.0
5.415742,1684223313.25
5.342763,1684223313.5
5.286428,1684223313.75
5.265943,1684223314.0
5.236495,1684223314.25
5.210889,1684223314.5
5.190404,1684223314.75
5.169919,1684223315.0
5.201927,1684223315.25
5.304353,1684223315.5
5.423424,1684223315.75
5.522009,1684223316.0
5.591147,1684223316.25
5.556578,1684223316.5
5.541214,1684223316.75
5.519448,1684223317.0
5.465674,1684223317.25
5.436227,1684223317.5
5.488720,1684223317.75
5.596268,1684223318.0
5.703816,1684223318.25
5.676929,1684223318.5
4.956104,1684223318.75
6.069990,1684223319.0
5.905519,1684223319.25
5.763402,1684223319.5
5.681461,1684223319.75
5.741637,1684223320.0
5.899117,1684223320.25
6.038673,1684223320.5
6.166706,1684223320.75
6.211517,1684223321.0
6.212798,1684223321.25
6.121894,1684223321.5
5.969535,1684223321.75
5.836381,1684223322.0
5.755721,1684223322.25
5.681461,1684223322.5
5.623847,1684223322.75
5.572633,1684223323.0
5.523981,1684223323.25
5.474048,1684223323.5
5.447161,1684223323.75
5.434358,1684223324.0
5.413873,1684223324.25
5.396537,1684223324.5
5.364529,1684223324.75
5.337642,1684223325.0
5.333801,1684223325.25
5.335081,1684223325.5
5.350445,1684223325.75
5.447750,1684223326.0
5.620595,1684223326.25
5.807522,1684223326.5
5.935555,1684223326.75
5.982338,1684223327.0
5.987460,1684223327.25
5.932406,1684223327.5
5.833820,1684223327.75
5.727553,1684223328.0
5.628968,1684223328.25
5.557270,1684223328.5
5.504776,1684223328.75
5.462525,1684223329.0
5.427956,1684223329.25
5.414462,1684223329.5
5.396537,1684223329.75
5.374771,1684223330.0
5.367089,1684223330.25
5.356847,1684223330.5
5.367089,1684223330.75
5.450311,1684223331.0
5.582184,1684223331.25
5.708937,1684223331.5
5.771673,1684223331.75
5.792159,1684223332.0
5.780635,1684223332.25
5.724301,1684223332.5
5.643640,1684223332.75
5.577063,1684223333.0
5.527130,1684223333.25
5.491281,1684223333.5
5.456712,1684223333.75
5.433666,1684223334.0
5.418303,1684223334.25
5.419583,1684223334.5
5.513047,1684223334.75
5.708937,1684223335.0
5.912509,1684223335.25
6.061028,1684223335.5
6.175668,1684223335.75
6.201275,1684223336.0
6.157743,1684223336.25
6.037393,1684223336.5
5.956732,1684223336.75
5.978498,1684223337.0
5.815896,1684223337.25
5.639211,1684223337.5
5.576474,1684223337.75
5.736516,1684223338.0
5.690423,1684223338.25
5.653294,1684223338.5
5.643052,1684223338.75
5.626407,1684223339.0
5.673779,1684223339.25
5.931126,1684223339.5
6.392044,1684223339.75
6.581532,1684223340.0
6.990669,1684223340.25
7.046537,1684223340.5
7.011968,1684223340.75
6.873693,1684223341.0
6.656036,1684223341.25
6.415335,1684223341.5
6.230154,1684223341.75
6.061150,1684223342.0
5.925436,1684223342.25
5.821017,1684223342.5
5.704507,1684223342.75
5.631528,1684223343.0
5.594399,1684223343.25
5.581596,1684223343.5
5.575194,1684223343.75
5.576474,1684223344.0
5.576474,1684223344.25
5.575194,1684223344.5
5.591838,1684223344.75
5.681461,1684223345.0
5.819737,1684223345.25
5.908080,1684223345.5
5.992581,1684223345.75
5.933686,1684223346.0
5.908080,1684223346.25
5.913201,1684223346.5
6.038673,1684223346.75
6.124455,1684223347.0
6.102690,1684223347.25
6.581532,1684223347.5
6.966343,1684223347.75
7.074704,1684223348.0
7.058060,1684223348.25
6.962035,1684223348.5
6.781508,1684223348.75
6.565133,1684223349.0
6.384607,1684223349.25
6.411960,1684223349.5
6.633457,1684223349.75
6.863916,1684223350.0
6.970184,1684223350.25
6.996604,1684223350.5
6.912102,1684223350.75
6.809676,1684223351.0
6.616346,1684223351.25
6.271938,1684223351.5
5.771796,1684223351.75
5.598240,1684223352.0
5.274317,1684223352.25
5.653883,1684223352.5
5.789598,1684223352.75
5.920191,1684223353.0
6.088606,1684223353.25
6.135978,1684223353.5
6.055317,1684223353.75
6.018188,1684223354.0
6.095007,1684223354.25
6.116773,1684223354.5
6.109091,1684223354.75
6.097568,1684223355.0
5.909360,1684223355.25
5.710909,1684223355.5
5.727553,1684223355.75
5.659696,1684223356.0
6.194873,1684223356.25
5.274317,1684223356.5
5.655163,1684223356.75
4.775577,1684223357.0
5.582643,1684223357.25
5.620595,1684223357.5
5.625716,1684223357.75
5.586025,1684223358.0
5.520729,1684223358.25
5.457993,1684223358.5
5.427265,1684223358.75
5.434947,1684223359.0
5.552737,1684223359.25
5.799840,1684223359.5
6.061028,1684223359.75
6.257609,1684223360.0
6.338270,1684223360.25
6.334429,1684223360.5
6.269132,1684223360.75
6.187191,1684223361.0
6.217919,1684223361.25
6.326747,1684223361.5
6.388203,1684223361.75
6.407408,1684223362.0
6.354914,1684223362.25
6.269132,1684223362.5
6.139819,1684223362.75
5.992581,1684223363.0
5.906799,1684223363.25
5.914481,1684223363.5
5.972096,1684223363.75
6.018188,1684223364.0
6.030991,1684223364.25
6.006665,1684223364.5
5.952891,1684223364.75
5.891435,1684223365.0
5.799252,1684223365.25
5.731394,1684223365.5
5.678901,1684223365.75
5.631528,1684223366.0
5.608482,1684223366.25
5.590558,1684223366.5
5.568792,1684223366.75
5.552148,1684223367.0
5.534224,1684223367.25
5.511178,1684223367.5
5.503496,1684223367.75
5.490692,1684223368.0
5.474048,1684223368.25
5.481730,1684223368.5
5.539345,1684223368.75
5.649453,1684223369.0
5.790289,1684223369.25
5.915761,1684223369.5
5.993862,1684223369.75
6.018188,1684223370.0
5.995142,1684223370.25
5.952891,1684223370.5
5.946489,1684223370.75
5.951611,1684223371.0
5.945209,1684223371.25
5.906799,1684223371.5
5.877352,1684223371.75
5.831260,1684223372.0
5.772365,1684223372.25
5.728834,1684223372.5
5.687863,1684223372.75
5.654574,1684223373.0
5.620006,1684223373.25
5.595679,1684223373.5
5.581596,1684223373.75
5.558550,1684223374.0
5.547027,1684223374.25
5.538064,1684223374.5
5.531663,1684223374.75
5.526542,1684223375.0
5.517579,1684223375.25
5.520140,1684223375.5
5.509897,1684223375.75
5.503496,1684223376.0
5.494534,1684223376.25
5.481730,1684223376.5
5.480450,1684223376.75
5.504776,1684223377.0
5.552148,1684223377.25
5.613604,1684223377.5
5.685302,1684223377.75
5.742917,1684223378.0
5.765963,1684223378.25
5.757001,1684223378.5
5.733955,1684223378.75
5.718591,1684223379.0
5.748038,1684223379.25
5.792850,1684223379.5
5.853025,1684223379.75
5.863268,1684223380.0
5.856866,1684223380.25
5.833820,1684223380.5
5.783888,1684223380.75
5.744197,1684223381.0
5.713470,1684223381.25
5.684022,1684223381.5
5.654574,1684223381.75
5.625127,1684223382.0
5.598240,1684223382.25
5.572633,1684223382.5
5.562391,1684223382.75
5.548307,1684223383.0
5.539345,1684223383.25
5.529102,1684223383.5
5.518859,1684223383.75
5.503496,1684223384.0
5.493253,1684223384.25
5.534224,1684223384.5
5.669939,1684223384.75
5.877352,1684223385.0
6.080924,1684223385.25
6.225601,1684223385.5
6.284496,1684223385.75
6.325467,1684223386.0
6.258890,1684223386.25
6.159024,1684223386.5
6.051476,1684223386.75
5.961854,1684223387.0
5.886314,1684223387.25
5.828699,1684223387.5
5.781327,1684223387.75
5.739076,1684223388.0
5.710909,1684223388.25
5.691704,1684223388.5
5.675060,1684223388.75
5.673779,1684223389.0
5.680181,1684223389.25
5.686583,1684223389.5
5.673779,1684223389.75
5.668658,1684223390.0
5.652014,1684223390.25
5.634089,1684223390.5
5.639211,1684223390.75
5.691704,1684223391.0
5.787729,1684223391.25
5.886314,1684223391.5
5.942648,1684223391.75
5.975937,1684223392.0
5.979778,1684223392.25
5.965694,1684223392.5
5.990021,1684223392.75
6.071961,1684223393.0
6.155183,1684223393.25
6.193593,1684223393.5
6.169267,1684223393.75
6.121894,1684223394.0
6.043794,1684223394.25
5.973376,1684223394.5
5.896556,1684223394.75
5.828699,1684223395.0
5.740356,1684223395.25
5.580315,1684223395.5
5.281999,1684223395.75
4.789661,1684223396.0
5.153733,1684223396.25
4.603191,1684223396.5
5.464853,1684223396.75
5.505365,1684223397.0
5.437507,1684223397.25
4.947141,1684223397.5
5.684611,1684223397.75
5.109743,1684223398.0
5.190404,1684223398.25
6.082793,1684223398.5
5.308886,1684223398.75
6.082793,1684223399.0
6.567449,1684223399.25
6.676989,1684223399.5
6.680830,1684223399.75
6.627056,1684223400.0
6.539993,1684223400.25
6.452931,1684223400.5
6.379952,1684223400.75
6.295450,1684223401.0
6.217350,1684223401.25
6.171258,1684223401.5
6.120045,1684223401.75
6.071393,1684223402.0
6.050908,1684223402.25
6.032983,1684223402.5
6.011218,1684223402.75
6.015059,1684223403.0
5.968966,1684223403.25
5.949761,1684223403.5
5.940799,1684223403.75
5.925436,1684223404.0
5.918322,1684223404.25
5.905519,1684223404.5
5.885034,1684223404.75
5.865829,1684223405.0
5.853025,1684223405.25
5.838942,1684223405.5
5.829979,1684223405.75
5.821017,1684223406.0
5.818457,1684223406.25
5.805653,1684223406.5
5.787729,1684223406.75
5.781327,1684223407.0
5.774925,1684223407.25
5.763402,1684223407.5
5.758281,1684223407.75
5.745478,1684223408.0
5.753160,1684223408.25
5.769804,1684223408.5
5.783888,1684223408.75
5.795411,1684223409.0
5.803092,1684223409.25
5.803092,1684223409.5
5.792850,1684223409.75
5.789009,1684223410.0
5.810774,1684223410.25
5.865829,1684223410.5
5.949050,1684223410.75
6.014347,1684223411.0
6.046355,1684223411.25
6.060439,1684223411.5
6.039953,1684223411.75
6.010506,1684223412.0
5.965694,1684223412.25
5.915761,1684223412.5
5.888875,1684223412.75
5.859427,1684223413.0
5.849185,1684223413.25
5.836381,1684223413.5
5.829979,1684223413.75
5.818457,1684223414.0
5.809494,1684223414.25
5.794130,1684223414.5
5.805653,1684223414.75
5.837661,1684223415.0
5.874791,1684223415.25
5.905519,1684223415.5
5.915761,1684223415.75
5.919602,1684223416.0
5.895276,1684223416.25
5.874791,1684223416.5
5.858147,1684223416.75
5.832540,1684223417.0
5.805653,1684223417.25
5.790289,1684223417.5
5.771084,1684223417.75
5.751879,1684223418.0
5.737796,1684223418.25
5.722432,1684223418.5
5.719871,1684223418.75
5.704507,1684223419.0
5.692984,1684223419.25
5.689143,1684223419.5
5.682742,1684223419.75
5.684022,1684223420.0
5.698106,1684223420.25
5.741637,1684223420.5
5.782607,1684223420.75
5.815896,1684223421.0
5.833820,1684223421.25
5.829979,1684223421.5
5.828699,1684223421.75
5.893996,1684223422.0
6.019468,1684223422.25
6.165426,1684223422.5
6.257609,1684223422.75
6.293458,1684223423.0
6.275534,1684223423.25
6.238404,1684223423.5
6.160304,1684223423.75
6.077083,1684223424.0
6.009225,1684223424.25
5.969535,1684223424.5
5.934967,1684223424.75
5.905519,1684223425.0
5.881193,1684223425.25
5.899117,1684223425.5
5.975937,1684223425.75
6.062999,1684223426.0
6.137259,1684223426.25
6.174388,1684223426.5
6.167986,1684223426.75
6.130857,1684223427.0
6.074522,1684223427.25
6.028430,1684223427.5
6.007945,1684223427.75
5.984899,1684223428.0
6.124455,1684223428.25
6.330588,1684223428.5
6.513675,1684223428.75
6.634737,1684223429.0
6.650102,1684223429.25
6.616813,1684223429.5
6.523349,1684223429.75
6.392756,1684223430.0
6.282647,1684223430.25
6.187903,1684223430.5
6.139250,1684223430.75
6.112363,1684223431.0
6.099560,1684223431.25
6.066272,1684223431.5
6.043226,1684223431.75
6.013778,1684223432.0
5.983050,1684223432.25
5.949761,1684223432.5
5.917753,1684223432.75
5.905519,1684223433.0
5.906799,1684223433.25
5.910640,1684223433.5
5.899117,1684223433.75
5.888875,1684223434.0
5.874791,1684223434.25
5.851745,1684223434.5
5.833820,1684223434.75
5.815896,1684223435.0
5.803092,1684223435.25
5.789009,1684223435.5
5.772365,1684223435.75
5.805653,1684223436.0
5.864548,1684223436.25
6.060439,1684223436.5
6.304981,1684223436.75
6.532880,1684223437.0
6.664185,1684223437.25
6.700034,1684223437.5
6.685951,1684223437.75
6.619374,1684223438.0
6.542554,1684223438.25
6.479818,1684223438.5
6.428605,1684223438.75
6.424764,1684223439.0
6.463173,1684223439.25
6.487500,1684223439.5
6.479818,1684223439.75
6.441408,1684223440.0
6.379952,1684223440.25
6.301852,1684223440.5
6.235275,1684223440.75
6.199426,1684223441.0
6.299292,1684223441.25
6.474697,1684223441.5
6.652662,1684223441.75
6.743566,1684223442.0
6.746126,1684223442.25
6.698754,1684223442.5
6.591207,1684223442.75
6.461893,1684223443.0
6.332580,1684223443.25
6.294170,1684223443.5
6.269844,1684223443.75
6.272405,1684223444.0
6.259601,1684223444.25
6.236555,1684223444.5
6.199426,1684223444.75
6.154614,1684223445.0
6.111083,1684223445.25
6.067552,1684223445.5
6.030422,1684223445.75
5.997134,1684223446.0
5.976648,1684223446.25
5.953603,1684223446.5
5.956163,1684223446.75
5.962565,1684223447.0
5.972807,1684223447.25
5.994573,1684223447.5
5.993293,1684223447.75
5.981770,1684223448.0
5.966406,1684223448.25
5.951042,1684223448.5
5.916473,1684223448.75
5.915761,1684223449.0
5.900398,1684223449.25
5.888875,1684223449.5
5.877352,1684223449.75
5.868389,1684223450.0
5.858147,1684223450.25
5.842783,1684223450.5
5.842783,1684223450.75
5.842783,1684223451.0
5.840222,1684223451.25
5.838942,1684223451.5
5.879912,1684223451.75
5.978498,1684223452.0
6.059158,1684223452.25
6.148781,1684223452.5
6.167986,1684223452.75
6.166706,1684223453.0
6.147501,1684223453.25
6.116773,1684223453.5
6.075803,1684223453.75
6.041234,1684223454.0
6.005384,1684223454.25
5.977217,1684223454.5
5.961854,1684223454.75
5.947770,1684223455.0
5.942648,1684223455.25
6.001544,1684223455.5
6.132137,1684223455.75
6.275534,1684223456.0
6.390763,1684223456.25
6.449658,1684223456.5
6.458052,1684223456.75
6.428605,1684223457.0
6.372270,1684223457.25
6.294170,1684223457.5
6.241677,1684223457.75
6.218631,1684223458.0
6.130288,1684223458.25
6.116204,1684223458.5
6.086757,1684223458.75
6.066272,1684223459.0
6.035543,1684223459.25
6.025301,1684223459.5
6.004816,1684223459.75
5.981770,1684223460.0
5.967686,1684223460.25
5.963845,1684223460.5
5.960004,1684223460.75
5.949761,1684223461.0
5.948481,1684223461.25
5.945920,1684223461.5
5.936958,1684223461.75
5.924155,1684223462.0
5.931126,1684223462.25
5.928565,1684223462.5
5.924724,1684223462.75
5.909360,1684223463.0
5.905519,1684223463.25
5.897837,1684223463.5
5.891435,1684223463.75
5.904239,1684223464.0
5.991301,1684223464.25
6.176949,1684223464.5
6.394605,1684223464.75
6.562327,1684223465.0
6.693633,1684223465.25
6.728201,1684223465.5
6.701314,1684223465.75
6.621934,1684223466.0
6.523349,1684223466.25
6.414521,1684223466.5
6.327459,1684223466.75
6.267283,1684223467.0
6.198145,1684223467.25
6.167418,1684223467.5
6.123886,1684223467.75
6.097000,1684223468.0
6.076514,1684223468.25
6.058589,1684223468.5
6.035543,1684223468.75
6.018899,1684223469.0
6.006096,1684223469.25
5.990732,1684223469.5
5.979209,1684223469.75
5.974088,1684223470.0
5.971527,1684223470.25
6.013778,1684223470.5
6.097000,1684223470.75
6.177660,1684223471.0
6.269844,1684223471.25
6.296731,1684223471.5
6.315936,1684223471.75
6.292890,1684223472.0
6.263442,1684223472.25
6.266003,1684223472.5
6.315936,1684223472.75
6.368429,1684223473.0
6.404278,1684223473.25
6.387634,1684223473.5
6.390195,1684223473.75
6.331300,1684223474.0
6.285208,1684223474.25
6.228873,1684223474.5
6.190464,1684223474.75
6.154614,1684223475.0
6.121325,1684223475.25
6.102121,1684223475.5
6.085476,1684223475.75
6.067552,1684223476.0
6.053468,1684223476.25
6.021460,1684223476.5
6.016339,1684223476.75
5.998414,1684223477.0
5.998414,1684223477.25
5.989452,1684223477.5
5.985611,1684223477.75
5.988172,1684223478.0
5.965126,1684223478.25
5.956163,1684223478.5
5.975368,1684223478.75
6.034263,1684223479.0
6.098280,1684223479.25
6.148212,1684223479.5
6.178940,1684223479.75
6.180221,1684223480.0
6.167418,1684223480.25
6.144372,1684223480.5
6.116204,1684223480.75
6.076514,1684223481.0
6.052188,1684223481.25
6.032983,1684223481.5
6.008657,1684223481.75
5.997134,1684223482.0
5.976648,1684223482.25
5.968966,1684223482.5
5.966406,1684223482.75
5.952322,1684223483.0
5.943360,1684223483.25
5.930557,1684223483.5
5.932406,1684223483.75
5.917042,1684223484.0
5.906799,1684223484.25
5.910640,1684223484.5
5.905519,1684223484.75
5.895276,1684223485.0
5.882473,1684223485.25
5.850465,1684223485.5
5.860707,1684223485.75
5.851745,1684223486.0
5.849185,1684223486.25
5.846624,1684223486.5
5.836381,1684223486.75
5.822298,1684223487.0
5.819737,1684223487.25
5.817176,1684223487.5
5.812055,1684223487.75
5.804373,1684223488.0
5.806933,1684223488.25
5.827419,1684223488.5
5.872231,1684223488.75
5.905519,1684223489.0
5.942648,1684223489.25
5.954171,1684223489.5
5.961854,1684223489.75
5.958013,1684223490.0
5.941368,1684223490.25
5.920883,1684223490.5
5.899117,1684223490.75
5.886314,1684223491.0
5.865829,1684223491.25
5.854306,1684223491.5
5.840222,1684223491.75
5.828699,1684223492.0
5.814616,1684223492.25
5.803092,1684223492.5
5.797971,1684223492.75
5.787729,1684223493.0
5.783888,1684223493.25
5.778766,1684223493.5
5.767243,1684223493.75
5.762122,1684223494.0
5.745478,1684223494.25
5.739076,1684223494.5
5.730114,1684223494.75
5.731394,1684223495.0
5.726273,1684223495.25
5.713470,1684223495.5
5.704507,1684223495.75
5.704507,1684223496.0
5.695545,1684223496.25
5.684022,1684223496.5
5.686583,1684223496.75
5.680181,1684223497.0
5.669939,1684223497.25
5.664817,1684223497.5
5.660976,1684223497.75
5.658415,1684223498.0
5.648173,1684223498.25
5.650733,1684223498.5
5.655855,1684223498.75
5.690423,1684223499.0
5.753160,1684223499.25
5.821017,1684223499.5
5.877352,1684223499.75
5.913201,1684223500.0
5.922163,1684223500.25
5.914481,1684223500.5
5.908080,1684223500.75
5.877352,1684223501.0
5.837661,1684223501.25
5.814616,1684223501.5
5.795411,1684223501.75
5.771084,1684223502.0
5.755721,1684223502.25
5.744197,1684223502.5
5.728834,1684223502.75
5.717310,1684223503.0
5.696825,1684223503.25
5.685302,1684223503.5
5.680181,1684223503.75
5.667377,1684223504.0
5.654574,1684223504.25
5.654574,1684223504.5
5.650733,1684223504.75
5.653294,1684223505.0
5.643052,1684223505.25
5.641771,1684223505.5
5.634089,1684223505.75
5.631528,1684223506.0
5.621286,1684223506.25
5.613604,1684223506.5
5.602081,1684223506.75
5.591838,1684223507.0
5.580315,1684223507.25
5.580315,1684223507.5
5.575194,1684223507.75
5.564951,1684223508.0
5.558550,1684223508.25
5.552148,1684223508.5
5.541905,1684223508.75
5.534224,1684223509.0
5.531663,1684223509.25
5.529102,1684223509.5
5.523981,1684223509.75
5.518859,1684223510.0
5.508617,1684223510.25
5.500935,1684223510.5
5.491972,1684223510.75
5.491972,1684223511.0
5.489412,1684223511.25
5.479169,1684223511.5
5.475328,1684223511.75
5.466366,1684223512.0
5.463805,1684223512.25
5.462525,1684223512.5
5.459964,1684223512.75
5.458684,1684223513.0
5.452282,1684223513.25
5.440760,1684223513.5
5.436919,1684223513.75
5.427956,1684223514.0
5.433666,1684223514.25
5.446470,1684223514.5
5.486160,1684223514.75
5.539934,1684223515.0
5.584745,1684223515.25
5.618034,1684223515.5
5.624435,1684223515.75
5.628276,1684223516.0
5.618034,1684223516.25
5.606511,1684223516.5
5.584745,1684223516.75
5.564260,1684223517.0
5.539934,1684223517.25
5.524570,1684223517.5
5.515607,1684223517.75
5.501524,1684223518.0
5.490001,1684223518.25
5.477198,1684223518.5
5.468235,1684223518.75
5.454152,1684223519.0
5.445189,1684223519.25
5.438787,1684223519.5
5.432386,1684223519.75
5.422143,1684223520.0
5.410620,1684223520.25
5.396537,1684223520.5
5.392696,1684223520.75
5.383733,1684223521.0
5.379892,1684223521.25
5.377332,1684223521.5
5.369650,1684223521.75
5.358127,1684223522.0
5.346604,1684223522.25
5.347884,1684223522.5
5.346604,1684223522.75
5.337642,1684223523.0
5.332520,1684223523.25
5.328680,1684223523.5
5.317156,1684223523.75
5.313315,1684223524.0
5.312035,1684223524.25
5.309474,1684223524.5
5.329960,1684223524.75
5.369650,1684223525.0
5.417022,1684223525.25
5.437507,1684223525.5
5.461833,1684223525.75
5.466955,1684223526.0
5.463114,1684223526.25
5.452871,1684223526.5
5.459273,1684223526.75
5.414462,1684223527.0
5.392696,1684223527.25
5.377332,1684223527.5
5.364529,1684223527.75
5.350445,1684223528.0
5.337642,1684223528.25
5.324838,1684223528.5
5.314596,1684223528.75
5.314596,1684223529.0
5.309474,1684223529.25
5.296671,1684223529.5
5.291550,1684223529.75
5.281307,1684223530.0
5.272345,1684223530.25
5.271065,1684223530.5
5.269784,1684223530.75
5.260822,1684223531.0
5.253140,1684223531.25
5.244178,1684223531.5
5.232655,1684223531.75
5.232655,1684223532.0
5.226253,1684223532.25
5.221132,1684223532.5
5.218571,1684223532.75
5.214730,1684223533.0
5.203207,1684223533.25
5.198086,1684223533.5
5.199366,1684223533.75
5.191684,1684223534.0
5.187843,1684223534.25
5.181441,1684223534.5
5.175040,1684223534.75
5.166078,1684223535.0
5.167358,1684223535.25
5.158396,1684223535.5
5.151994,1684223535.75
5.149433,1684223536.0
5.140471,1684223536.25
5.134069,1684223536.5
5.134069,1684223536.75
5.135350,1684223537.0
5.128948,1684223537.25
5.126388,1684223537.5
5.118705,1684223537.75
5.112304,1684223538.0
5.112304,1684223538.25
5.117425,1684223538.5
5.121266,1684223538.75
5.122546,1684223539.0
5.113584,1684223539.25
5.105902,1684223539.5
5.102061,1684223539.75
5.096940,1684223540.0
5.095660,1684223540.25
5.093099,1684223540.5
5.091818,1684223540.75
5.081576,1684223541.0
5.073894,1684223541.25
5.063651,1684223541.5
5.066212,1684223541.75
5.064931,1684223542.0
5.055969,1684223542.25
5.054689,1684223542.5
5.059810,1684223542.75
5.077735,1684223543.0
5.093099,1684223543.25
5.104622,1684223543.5
5.113584,1684223543.75
5.111023,1684223544.0
5.102061,1684223544.25
5.095660,1684223544.5
5.091818,1684223544.75
5.081576,1684223545.0
5.070053,1684223545.25
5.063651,1684223545.5
5.057250,1684223545.75
5.049568,1684223546.0
5.036764,1684223546.25
5.039325,1684223546.5
5.030363,1684223546.75
5.022681,1684223547.0
5.017560,1684223547.25
5.004756,1684223547.5
4.997074,1684223547.75
4.994514,1684223548.0
4.993233,1684223548.25
4.993233,1684223548.5
4.984271,1684223548.75
4.971467,1684223549.0
4.968907,1684223549.25
4.967627,1684223549.5
4.965066,1684223549.75
4.959945,1684223550.0
4.957384,1684223550.25
4.950983,1684223550.5
4.945861,1684223550.75
4.945861,1684223551.0
4.950983,1684223551.25
4.948421,1684223551.5
4.944581,1684223551.75
4.938179,1684223552.0
4.934338,1684223552.25
4.939918,1684223552.5
4.941198,1684223552.75
4.956562,1684223553.0
4.969365,1684223553.25
4.971926,1684223553.5
4.973207,1684223553.75
4.974487,1684223554.0
4.965524,1684223554.25
4.965524,1684223554.5
4.959123,1684223554.75
4.951441,1684223555.0
4.939918,1684223555.25
4.938637,1684223555.5
4.924554,1684223555.75
4.923274,1684223556.0
4.921993,1684223556.25
4.914311,1684223556.5
4.911751,1684223556.75
4.906629,1684223557.0
4.902788,1684223557.25
4.897667,1684223557.5
4.898947,1684223557.75
4.900228,1684223558.0
4.893826,1684223558.25
4.889985,1684223558.5
4.888705,1684223558.75
4.878462,1684223559.0
4.875901,1684223559.25
4.873341,1684223559.5
4.872060,1684223559.75
4.869500,1684223560.0
4.860538,1684223560.25
4.856697,1684223560.5
4.855416,1684223560.75
4.851575,1684223561.0
4.845173,1684223561.25
4.840052,1684223561.5
4.832370,1684223561.75
4.828529,1684223562.0
4.825969,1684223562.25
4.828529,1684223562.5
4.850295,1684223562.75
4.860538,1684223563.0
4.872060,1684223563.25
4.873341,1684223563.5
4.877182,1684223563.75
4.873341,1684223564.0
4.872060,1684223564.25
4.869500,1684223564.5
4.865659,1684223564.75
4.856697,1684223565.0
4.846454,1684223565.25
4.842613,1684223565.5
4.836211,1684223565.75
4.833651,1684223566.0
4.829810,1684223566.25
4.828529,1684223566.5
4.822127,1684223566.75
4.822127,1684223567.0
4.813165,1684223567.25
4.814445,1684223567.5
4.822127,1684223567.75
4.870780,1684223568.0
4.959123,1684223568.25
5.065390,1684223568.5
5.169096,1684223568.75
5.238235,1684223569.0
5.276644,1684223569.25
5.294569,1684223569.5
5.284326,1684223569.75
5.260000,1684223570.0
5.225431,1684223570.25
5.188302,1684223570.5
5.152452,1684223570.75
5.123005,1684223571.0
5.097398,1684223571.25
5.067951,1684223571.5
5.053867,1684223571.75
5.033382,1684223572.0
5.018018,1684223572.25
5.023139,1684223572.5
5.060269,1684223572.75
5.090997,1684223573.0
5.110201,1684223573.25
5.125566,1684223573.5
5.124285,1684223573.75
5.120444,1684223574.0
5.123005,1684223574.25
5.138369,1684223574.5
5.156293,1684223574.75
5.166536,1684223575.0
5.167816,1684223575.25
5.165256,1684223575.5
5.153733,1684223575.75
5.135808,1684223576.0
5.115323,1684223576.25
5.096118,1684223576.5
5.069231,1684223576.75
5.061549,1684223577.0
5.043624,1684223577.25
5.038503,1684223577.5
5.032102,1684223577.75
5.021859,1684223578.0
5.010336,1684223578.25
5.001374,1684223578.5
4.997532,1684223578.75
4.987290,1684223579.0
4.982169,1684223579.25
4.975767,1684223579.5
4.970646,1684223579.75
4.956562,1684223580.0
4.952721,1684223580.25
4.952721,1684223580.5
4.956562,1684223580.75
4.966805,1684223581.0
4.973207,1684223581.25
4.971926,1684223581.5
4.971926,1684223581.75
4.968085,1684223582.0
4.961683,1684223582.25
4.959123,1684223582.5
4.950161,1684223582.75
4.939918,1684223583.0
4.933516,1684223583.25
4.921993,1684223583.5
4.915592,1684223583.75
4.915592,1684223584.0
4.910470,1684223584.25
4.905349,1684223584.5
4.898947,1684223584.75
4.896387,1684223585.0
4.891265,1684223585.25
4.888705,1684223585.5
4.888705,1684223585.75
4.887424,1684223586.0
4.883584,1684223586.25
4.881022,1684223586.5
4.868219,1684223586.75
4.864378,1684223587.0
4.855416,1684223587.25
4.852855,1684223587.5
4.849014,1684223587.75
4.846454,1684223588.0
4.843893,1684223588.25
4.838772,1684223588.5
4.834931,1684223588.75
4.827249,1684223589.0
4.824688,1684223589.25
4.825969,1684223589.5
4.819567,1684223589.75
4.818286,1684223590.0
4.818286,1684223590.25
4.813165,1684223590.5
4.810605,1684223590.75
4.813165,1684223591.0
4.814445,1684223591.25
4.809324,1684223591.5
4.806764,1684223591.75
4.793960,1684223592.0
4.786278,1684223592.25
4.790119,1684223592.5
4.784998,1684223592.75
4.787559,1684223593.0
4.781157,1684223593.25
4.779877,1684223593.5
4.773475,1684223593.75
4.763232,1684223594.0
4.770915,1684223594.25
4.774755,1684223594.5
4.774755,1684223594.75
4.805483,1684223595.0
4.837492,1684223595.25
4.860538,1684223595.5
4.881022,1684223595.75
4.888705,1684223596.0
4.900228,1684223596.25
4.888705,1684223596.5
4.878462,1684223596.75
4.861818,1684223597.0
4.851575,1684223597.25
4.851575,1684223597.5
4.842613,1684223597.75
4.828529,1684223598.0
4.820847,1684223598.25
4.813165,1684223598.5
4.802923,1684223598.75
4.799082,1684223599.0
4.805483,1684223599.25
4.800362,1684223599.5
4.802923,1684223599.75
4.799082,1684223600.0
4.795240,1684223600.25
4.796521,1684223600.5
4.796521,1684223600.75
4.827249,1684223601.0
4.788839,1684223601.25
4.777316,1684223601.5
4.769634,1684223601.75
4.764513,1684223602.0
4.764513,1684223602.25
4.767074,1684223602.5
4.756831,1684223602.75
4.759391,1684223603.0
4.754270,1684223603.25
4.752990,1684223603.5
4.749149,1684223603.75
4.755550,1684223604.0
4.750429,1684223604.25
4.749149,1684223604.5
4.746588,1684223604.75
4.736345,1684223605.0
4.733785,1684223605.25
4.727383,1684223605.5
4.728663,1684223605.75
4.727383,1684223606.0
4.727383,1684223606.25
4.723542,1684223606.5
4.714580,1684223606.75
4.709459,1684223607.0
4.705617,1684223607.25
4.704337,1684223607.5
4.701777,1684223607.75
4.703057,1684223608.0
4.697936,1684223608.25
4.694095,1684223608.5
4.686413,1684223608.75
4.685133,1684223609.0
4.682572,1684223609.25
4.680011,1684223609.5
4.677450,1684223609.75
4.676170,1684223610.0
4.673609,1684223610.25
4.672329,1684223610.5
4.663367,1684223610.75
4.667208,1684223611.0
4.662086,1684223611.25
4.658246,1684223611.5
4.659526,1684223611.75
4.654405,1684223612.0
4.651844,1684223612.25
4.645442,1684223612.5
4.640321,1684223612.75
4.636480,1684223613.0
4.640321,1684223613.25
4.632639,1684223613.5
4.630078,1684223613.75
4.628798,1684223614.0
4.621116,1684223614.25
4.617275,1684223614.5
4.618555,1684223614.75
4.617275,1684223615.0
4.613434,1684223615.25
4.607032,1684223615.5
4.603191,1684223615.75
4.596790,1684223616.0
4.598070,1684223616.25
4.601911,1684223616.5
4.605752,1684223616.75
4.615994,1684223617.0
4.617275,1684223617.25
4.613434,1684223617.5
4.612154,1684223617.75
4.605752,1684223618.0
4.601911,1684223618.25
4.596790,1684223618.5
4.595510,1684223618.75
4.594229,1684223619.0
4.591668,1684223619.25
4.582706,1684223619.5
4.580145,1684223619.75
4.577585,1684223620.0
4.578865,1684223620.25
4.586547,1684223620.5
4.582706,1684223620.75
4.577585,1684223621.0
4.576304,1684223621.25
4.572464,1684223621.5
4.571183,1684223621.75
4.575024,1684223622.0
4.568623,1684223622.25
4.563501,1684223622.5
4.558380,1684223622.75
4.562221,1684223623.0
4.555819,1684223623.25
4.559660,1684223623.5
4.557099,1684223623.75
4.551978,1684223624.0
4.550698,1684223624.25
4.551978,1684223624.5
4.540455,1684223624.75
4.534053,1684223625.0
4.537895,1684223625.25
4.530212,1684223625.5
4.535334,1684223625.75
4.528932,1684223626.0
4.521250,1684223626.25
4.522531,1684223626.5
4.521250,1684223626.75
4.523811,1684223627.0
4.527652,1684223627.25
4.523811,1684223627.5
4.517409,1684223627.75
4.508447,1684223628.0
4.507167,1684223628.25
4.502045,1684223628.5
4.503325,1684223628.75
4.511008,1684223629.0
4.512288,1684223629.25
4.505886,1684223629.5
4.504606,1684223629.75
4.496924,1684223630.0
4.494363,1684223630.25
4.502045,1684223630.5
4.512288,1684223630.75
4.526371,1684223631.0
4.544296,1684223631.25
4.564782,1684223631.5
4.576304,1684223631.75
4.591668,1684223632.0
4.595510,1684223632.25
4.598070,1684223632.5
4.591668,1684223632.75
4.582706,1684223633.0
4.571183,1684223633.25
4.563501,1684223633.5
4.555819,1684223633.75
4.562221,1684223634.0
4.576304,1684223634.25
4.603191,1684223634.5
4.631359,1684223634.75
4.642881,1684223635.0
4.642881,1684223635.25
4.648003,1684223635.5
4.648003,1684223635.75
4.632639,1684223636.0
4.628798,1684223636.25
4.613434,1684223636.5
4.636480,1684223636.75
4.587827,1684223637.0
4.572464,1684223637.25
4.563501,1684223637.5
4.562221,1684223637.75
4.555819,1684223638.0
4.546857,1684223638.25
4.537895,1684223638.5
4.530212,1684223638.75
4.519970,1684223639.0
4.521250,1684223639.25
4.558380,1684223639.5
4.512288,1684223639.75
4.509727,1684223640.0
4.505886,1684223640.25
4.499485,1684223640.5
4.496924,1684223640.75
4.503325,1684223641.0
4.521250,1684223641.25
4.543016,1684223641.5
4.562221,1684223641.75
4.567342,1684223642.0
4.573744,1684223642.25
4.605752,1684223642.5
4.660806,1684223642.75
4.732504,1684223643.0
4.795240,1684223643.25
4.851575,1684223643.5
4.875901,1684223643.75
4.891265,1684223644.0
4.884864,1684223644.25
4.861818,1684223644.5
4.845173,1684223644.75
4.847734,1684223645.0
4.781157,1684223645.25
4.750429,1684223645.5
4.733785,1684223645.75
4.710739,1684223646.0
4.700496,1684223646.25
4.690254,1684223646.5
4.680011,1684223646.75
4.668488,1684223647.0
4.656965,1684223647.25
4.654405,1684223647.5
4.683852,1684223647.75
4.637760,1684223648.0
4.630078,1684223648.25
4.627518,1684223648.5
4.623677,1684223648.75
4.614714,1684223649.0
4.608313,1684223649.25
4.603191,1684223649.5
4.608313,1684223649.75
4.603191,1684223650.0
4.595510,1684223650.25
4.591668,1684223650.5
4.582706,1684223650.75
4.580145,1684223651.0
4.571183,1684223651.25
4.572464,1684223651.5
4.567342,1684223651.75
4.563501,1684223652.0
4.555819,1684223652.25
4.544296,1684223652.5
4.535334,1684223652.75
4.534053,1684223653.0
4.530212,1684223653.25
4.532773,1684223653.5
4.527652,1684223653.75
4.522531,1684223654.0
4.513568,1684223654.25
4.507167,1684223654.5
4.504606,1684223654.75
4.507167,1684223655.0
4.502045,1684223655.25
4.498204,1684223655.5
4.503325,1684223655.75
4.523811,1684223656.0
4.558380,1684223656.25
4.581426,1684223656.5
4.603191,1684223656.75
4.618555,1684223657.0
4.618555,1684223657.25
4.614714,1684223657.5
4.603191,1684223657.75
4.586547,1684223658.0
4.580145,1684223658.25
4.568623,1684223658.5
4.559660,1684223658.75
4.550698,1684223659.0
4.539175,1684223659.25
4.534053,1684223659.5
4.525091,1684223659.75
4.526371,1684223660.0
4.521250,1684223660.25
4.517409,1684223660.5
4.508447,1684223660.75
4.502045,1684223661.0
4.502045,1684223661.25
4.500765,1684223661.5
4.503325,1684223661.75
4.499485,1684223662.0
4.493083,1684223662.25
4.490522,1684223662.5
4.481560,1684223662.75
4.480280,1684223663.0
4.479000,1684223663.25
4.479000,1684223663.5
4.470037,1684223663.75
4.471317,1684223664.0
4.462355,1684223664.25
4.458514,1684223664.5
4.450832,1684223664.75
4.454673,1684223665.0
4.453393,1684223665.25
4.454673,1684223665.5
4.449552,1684223665.75
4.441870,1684223666.0
4.436749,1684223666.25
4.434188,1684223666.5
4.446364,1684223666.75
4.452765,1684223667.0
4.457887,1684223667.25
4.466849,1684223667.5
4.463008,1684223667.75
4.464289,1684223668.0
4.463008,1684223668.25
4.464289,1684223668.5
4.463008,1684223668.75
4.454046,1684223669.0
4.451485,1684223669.25
4.443803,1684223669.5
4.434841,1684223669.75
4.437402,1684223670.0
4.434841,1684223670.25
4.436121,1684223670.5
4.427159,1684223670.75
4.419477,1684223671.0
4.419477,1684223671.25
4.413075,1684223671.5
4.411795,1684223671.75
4.409235,1684223672.0
4.404113,1684223672.25
4.402833,1684223672.5
4.401553,1684223672.75
4.391310,1684223673.0
4.393870,1684223673.25
4.395151,1684223673.5
4.390029,1684223673.75
4.390029,1684223674.0
4.384908,1684223674.25
4.379787,1684223674.5
4.377226,1684223674.75
4.377226,1684223675.0
4.373385,1684223675.25
4.372105,1684223675.5
4.364423,1684223675.75
4.363142,1684223676.0
4.356741,1684223676.25
4.352900,1684223676.5
4.352900,1684223676.75
4.356741,1684223677.0
4.349059,1684223677.25
4.347779,1684223677.5
4.343938,1684223677.75
4.341377,1684223678.0
4.334975,1684223678.25
4.340096,1684223678.5
4.336256,1684223678.75
4.333695,1684223679.0
4.329854,1684223679.25
4.322172,1684223679.5
4.317051,1684223679.75
4.317051,1684223680.0
4.313210,1684223680.25
4.313210,1684223680.5
4.309369,1684223680.75
4.308088,1684223681.0
4.302967,1684223681.25
4.297846,1684223681.5
4.295285,1684223681.75
4.291444,1684223682.0
4.292725,1684223682.25
4.283762,1684223682.5
4.286323,1684223682.75
4.283762,1684223683.0
4.274800,1684223683.25
4.309369,1684223683.5
4.267118,1684223683.75
4.269679,1684223684.0
4.268398,1684223684.25
4.268398,1684223684.5
4.263277,1684223684.75
4.258156,1684223685.0
4.253034,1684223685.25
4.250473,1684223685.5
4.250473,1684223685.75
4.255595,1684223686.0
4.250473,1684223686.25
4.250473,1684223686.5
4.242792,1684223686.75
4.237670,1684223687.0
4.232549,1684223687.25
4.238951,1684223687.5
4.235110,1684223687.75
4.232549,1684223688.0
4.231269,1684223688.25
4.224867,1684223688.5
4.227428,1684223688.75
4.226148,1684223689.0
4.232549,1684223689.25
4.238951,1684223689.5
4.249193,1684223689.75
4.255595,1684223690.0
4.263277,1684223690.25
4.267118,1684223690.5
4.283762,1684223690.75
4.317051,1684223691.0
4.341377,1684223691.25
4.360582,1684223691.5
4.366983,1684223691.75
4.370825,1684223692.0
4.361862,1684223692.25
4.358021,1684223692.5
4.351620,1684223692.75
4.334975,1684223693.0
4.324733,1684223693.25
4.310649,1684223693.5
4.300406,1684223693.75
4.297846,1684223694.0
4.291444,1684223694.25
4.282482,1684223694.5
4.278641,1684223694.75
4.274800,1684223695.0
4.268398,1684223695.25
4.261997,1684223695.5
4.263277,1684223695.75
4.260716,1684223696.0
4.253034,1684223696.25
4.250473,1684223696.5
4.240231,1684223696.75
4.238951,1684223697.0
4.236390,1684223697.25
4.240231,1684223697.5
4.235110,1684223697.75
4.235110,1684223698.0
4.224867,1684223698.25
4.221026,1684223698.5
4.218465,1684223698.75
4.218465,1684223699.0
4.218465,1684223699.25
4.218465,1684223699.5
4.210783,1684223699.75
4.205662,1684223700.0
4.200541,1684223700.25
4.195419,1684223700.5
4.199261,1684223700.75
4.195419,1684223701.0
4.194139,1684223701.25
4.189018,1684223701.5
4.187737,1684223701.75
4.181336,1684223702.0
4.176215,1684223702.25
4.182616,1684223702.5
4.181336,1684223702.75
4.186457,1684223703.0
4.187737,1684223703.25
4.192859,1684223703.5
4.190298,1684223703.75
4.201821,1684223704.0
4.200541,1684223704.25
4.199261,1684223704.5
4.201821,1684223704.75
4.191578,1684223705.0
4.187737,1684223705.25
4.185177,1684223705.5
4.186457,1684223705.75
4.178775,1684223706.0
4.174934,1684223706.25
4.169813,1684223706.5
4.163411,1684223706.75
4.159570,1684223707.0
4.155729,1684223707.25
4.151888,1684223707.5
4.150608,1684223707.75
4.145487,1684223708.0
4.136524,1684223708.25
4.136524,1684223708.5
4.135244,1684223708.75
4.137805,1684223709.0
4.135244,1684223709.25
4.128842,1684223709.5
4.131403,1684223709.75
4.133964,1684223710.0
4.125001,1684223710.25
4.130123,1684223710.5
4.127562,1684223710.75
4.127562,1684223711.0
4.133964,1684223711.25
4.148047,1684223711.5
4.173654,1684223711.75
4.205662,1684223712.0
4.218465,1684223712.25
4.223587,1684223712.5
4.232549,1684223712.75
4.226148,1684223713.0
4.210783,1684223713.25
4.205662,1684223713.5
4.197980,1684223713.75
4.191578,1684223714.0
4.178775,1684223714.25
4.173654,1684223714.5
4.163411,1684223714.75
4.154449,1684223715.0
4.151888,1684223715.25
4.149328,1684223715.5
4.148047,1684223715.75
4.144207,1684223716.0
4.132683,1684223716.25
4.131403,1684223716.5
4.126282,1684223716.75
4.123721,1684223717.0
4.123721,1684223717.25
4.128842,1684223717.5
4.123721,1684223717.75
4.119880,1684223718.0
4.119880,1684223718.25
4.114759,1684223718.5
4.118600,1684223718.75
4.112198,1684223719.0
4.122441,1684223719.25
4.130123,1684223719.5
4.150608,1684223719.75
4.172374,1684223720.0
4.189018,1684223720.25
4.203102,1684223720.5
4.203102,1684223720.75
4.199261,1684223721.0
4.191578,1684223721.25
4.187737,1684223721.5
4.187737,1684223721.75
4.191578,1684223722.0
4.190298,1684223722.25
4.178775,1684223722.5
4.181336,1684223722.75
4.196700,1684223723.0
4.229989,1684223723.25
4.315771,1684223723.5
4.368264,1684223723.75
4.409235,1684223724.0
4.425879,1684223724.25
4.439962,1684223724.5
4.436121,1684223724.75
4.418197,1684223725.0
4.400272,1684223725.25
4.375946,1684223725.5
4.355461,1684223725.75
4.333695,1684223726.0
4.323452,1684223726.25
4.313210,1684223726.5
4.309369,1684223726.75
4.306808,1684223727.0
4.301687,1684223727.25
4.287603,1684223727.5
4.273520,1684223727.75
4.268398,1684223728.0
4.260716,1684223728.25
4.253034,1684223728.5
4.249193,1684223728.75
4.240231,1684223729.0
4.232549,1684223729.25
4.224867,1684223729.5
4.218465,1684223729.75
4.210783,1684223730.0
4.210783,1684223730.25
4.204382,1684223730.5
4.200541,1684223730.75
4.199261,1684223731.0
4.194139,1684223731.25
4.192859,1684223731.5
4.191578,1684223731.75
4.186457,1684223732.0
4.182616,1684223732.25
4.181336,1684223732.5
4.172374,1684223732.75
4.168533,1684223733.0
4.165972,1684223733.25
4.165972,1684223733.5
4.154449,1684223733.75
4.151888,1684223734.0
4.148047,1684223734.25
4.148047,1684223734.5
4.146767,1684223734.75
4.141646,1684223735.0
4.139085,1684223735.25
4.137805,1684223735.5
4.136524,1684223735.75
4.145487,1684223736.0
4.157010,1684223736.25
4.153169,1684223736.5
4.155729,1684223736.75
4.157010,1684223737.0
4.149328,1684223737.25
4.145487,1684223737.5
4.141646,1684223737.75
4.132683,1684223738.0
4.142926,1684223738.25
4.139085,1684223738.5
4.130123,1684223738.75
4.130123,1684223739.0
4.122441,1684223739.25
4.122441,1684223739.5
4.128842,1684223739.75
4.135244,1684223740.0
4.137805,1684223740.25
4.133964,1684223740.5
4.131403,1684223740.75
4.123721,1684223741.0
4.126282,1684223741.25
4.122441,1684223741.5
4.119880,1684223741.75
4.113479,1684223742.0
4.107077,1684223742.25
4.098114,1684223742.5
4.101955,1684223742.75
4.107077,1684223743.0
4.125001,1684223743.25
4.163411,1684223743.5
4.223587,1684223743.75
4.278641,1684223744.0
4.315771,1684223744.25
4.341377,1684223744.5
4.354180,1684223744.75
4.355461,1684223745.0
4.338816,1684223745.25
4.319612,1684223745.5
4.304247,1684223745.75
4.294005,1684223746.0
4.274800,1684223746.25
4.268398,1684223746.5
4.259436,1684223746.75
4.246633,1684223747.0
4.236390,1684223747.25
4.233829,1684223747.5
4.226148,1684223747.75
4.222306,1684223748.0
4.218465,1684223748.25
4.213344,1684223748.5
4.209503,1684223748.75
4.209503,1684223749.0
4.206943,1684223749.25
4.209503,1684223749.5
4.210783,1684223749.75
4.209503,1684223750.0
4.215905,1684223750.25
4.236390,1684223750.5
4.256876,1684223750.75
4.269679,1684223751.0
4.274800,1684223751.25
4.274800,1684223751.5
4.265838,1684223751.75
4.260716,1684223752.0
4.249193,1684223752.25
4.238951,1684223752.5
4.237670,1684223752.75
4.229989,1684223753.0
4.221026,1684223753.25
4.210783,1684223753.5
4.208223,1684223753.75
4.203102,1684223754.0
4.197980,1684223754.25
4.194139,1684223754.5
4.192859,1684223754.75
4.189018,1684223755.0
4.178775,1684223755.25
4.177495,1684223755.5
4.181336,1684223755.75
4.178775,1684223756.0
4.187737,1684223756.25
4.203102,1684223756.5
4.223587,1684223756.75
4.236390,1684223757.0
4.246633,1684223757.25
4.253034,1684223757.5
4.250473,1684223757.75
4.242792,1684223758.0
4.241511,1684223758.25
4.250473,1684223758.5
4.264557,1684223758.75
4.292725,1684223759.0
4.322172,1684223759.25
4.351620,1684223759.5
4.364423,1684223759.75
4.369544,1684223760.0
4.358021,1684223760.25
4.350339,1684223760.5
4.336256,1684223760.75
4.327293,1684223761.0
4.313210,1684223761.25
4.306808,1684223761.5
4.297846,1684223761.75
4.279921,1684223762.0
4.276080,1684223762.25
4.268398,1684223762.5
4.268398,1684223762.75
4.264557,1684223763.0
4.261997,1684223763.25
4.263277,1684223763.5
4.259436,1684223763.75
4.251754,1684223764.0
4.247913,1684223764.25
4.247913,1684223764.5
4.247913,1684223764.75
4.240231,1684223765.0
4.233829,1684223765.25
4.235110,1684223765.5
4.227428,1684223765.75
4.227428,1684223766.0
4.219746,1684223766.25
4.215905,1684223766.5
4.209503,1684223766.75
4.206943,1684223767.0
4.204382,1684223767.25
4.208223,1684223767.5
4.204382,1684223767.75
4.201821,1684223768.0
4.200541,1684223768.25
4.200541,1684223768.5
4.194139,1684223768.75
4.185177,1684223769.0
4.185177,1684223769.25
4.187737,1684223769.5
4.181336,1684223769.75
4.176215,1684223770.0
4.169813,1684223770.25
4.163411,1684223770.5
4.158290,1684223770.75
4.160851,1684223771.0
4.155729,1684223771.25
4.160851,1684223771.5
4.159570,1684223771.75
4.149328,1684223772.0
4.149328,1684223772.25
4.137805,1684223772.5
4.136524,1684223772.75
4.146767,1684223773.0
4.178775,1684223773.25
4.235110,1684223773.5
4.295285,1684223773.75
4.345218,1684223774.0
4.375946,1684223774.25
4.400272,1684223774.5
4.402833,1684223774.75
4.395151,1684223775.0
4.381067,1684223775.25
4.356741,1684223775.5
4.337536,1684223775.75
4.322172,1684223776.0
4.304247,1684223776.25
4.291444,1684223776.5
4.285043,1684223776.75
4.270959,1684223777.0
4.258156,1684223777.25
4.253034,1684223777.5
4.241511,1684223777.75
4.241511,1684223778.0
4.238951,1684223778.25
4.227428,1684223778.5
4.232549,1684223778.75
4.231269,1684223779.0
4.219746,1684223779.25
4.213344,1684223779.5
4.256876,1684223779.75
4.217185,1684223780.0
4.219746,1684223780.25
4.209503,1684223780.5
4.200541,1684223780.75
4.196700,1684223781.0
4.192859,1684223781.25
4.189018,1684223781.5
4.186457,1684223781.75
4.189018,1684223782.0
4.178775,1684223782.25
4.181336,1684223782.5
4.169813,1684223782.75
4.173654,1684223783.0
4.197980,1684223783.25
4.231269,1684223783.5
4.258156,1684223783.75
4.279921,1684223784.0
4.286323,1684223784.25
4.286323,1684223784.5
4.277360,1684223784.75
4.277360,1684223785.0
4.261997,1684223785.25
4.247913,1684223785.5
4.236390,1684223785.75
4.237670,1684223786.0
4.267118,1684223786.25
4.318331,1684223786.5
4.370825,1684223786.75
4.410515,1684223787.0
4.436121,1684223787.25
4.447644,1684223787.5
4.447644,1684223787.75
4.439962,1684223788.0
4.420757,1684223788.25
4.402833,1684223788.5
4.396431,1684223788.75
4.374666,1684223789.0
4.354180,1684223789.25
4.338816,1684223789.5
4.328574,1684223789.75
4.322172,1684223790.0
4.322172,1684223790.25
4.320892,1684223790.5
4.360582,1684223790.75
4.318331,1684223791.0
4.319612,1684223791.25
4.317051,1684223791.5
4.318331,1684223791.75
4.306808,1684223792.0
4.299126,1684223792.25
4.300406,1684223792.5
4.288884,1684223792.75
4.279921,1684223793.0
4.274800,1684223793.25
4.273520,1684223793.5
4.267118,1684223793.75
4.258156,1684223794.0
4.247913,1684223794.25
4.244072,1684223794.5
4.240231,1684223794.75
4.236390,1684223795.0
4.233829,1684223795.25
4.231269,1684223795.5
4.227428,1684223795.75
4.218465,1684223796.0
4.214624,1684223796.25
4.208223,1684223796.5
4.214624,1684223796.75
4.204382,1684223797.0
4.204382,1684223797.25
4.197980,1684223797.5
4.203102,1684223797.75
4.200541,1684223798.0
4.191578,1684223798.25
4.190298,1684223798.5
4.194139,1684223798.75
4.183897,1684223799.0
4.181336,1684223799.25
4.171093,1684223799.5
4.172374,1684223799.75
4.159570,1684223800.0
4.153169,1684223800.25
4.159570,1684223800.5
4.154449,1684223800.75
4.167252,1684223801.0
4.200541,1684223801.25
4.255595,1684223801.5
4.309369,1684223801.75
4.355461,1684223802.0
4.382348,1684223802.25
4.397711,1684223802.5
4.398992,1684223802.75
4.377226,1684223803.0
4.366983,1684223803.25
4.350339,1684223803.5
4.332415,1684223803.75
4.318331,1684223804.0
4.308088,1684223804.25
4.295285,1684223804.5
4.281201,1684223804.75
4.274800,1684223805.0
4.270959,1684223805.25
4.259436,1684223805.5
4.249193,1684223805.75
4.245352,1684223806.0
4.233829,1684223806.25
4.229989,1684223806.5
4.229989,1684223806.75
4.226148,1684223807.0
4.218465,1684223807.25
4.215905,1684223807.5
4.203102,1684223807.75
4.203102,1684223808.0
4.203102,1684223808.25
4.199261,1684223808.5
4.191578,1684223808.75
4.185177,1684223809.0
4.176215,1684223809.25
4.180056,1684223809.5
4.168533,1684223809.75
4.168533,1684223810.0
4.167252,1684223810.25
4.174934,1684223810.5
4.162131,1684223810.75
4.153169,1684223811.0
4.148047,1684223811.25
4.142926,1684223811.5
4.139085,1684223811.75
4.139085,1684223812.0
4.139085,1684223812.25
4.133964,1684223812.5
4.160851,1684223812.75
4.118600,1684223813.0
4.117320,1684223813.25
4.117320,1684223813.5
4.116039,1684223813.75
4.113479,1684223814.0
4.112198,1684223814.25
4.096834,1684223814.5
4.100675,1684223814.75
4.096834,1684223815.0
4.105796,1684223815.25
4.096834,1684223815.5
4.092993,1684223815.75
4.081470,1684223816.0
4.084031,1684223816.25
4.078909,1684223816.5
4.080190,1684223816.75
4.080190,1684223817.0
4.078909,1684223817.25
4.068667,1684223817.5
4.067387,1684223817.75
4.068667,1684223818.0
4.063546,1684223818.25
4.060985,1684223818.5
4.062265,1684223818.75
4.064826,1684223819.0
4.062265,1684223819.25
4.059705,1684223819.5
4.063546,1684223819.75
4.067387,1684223820.0
4.081470,1684223820.25
4.080190,1684223820.5
4.092993,1684223820.75
4.085311,1684223821.0
4.087872,1684223821.25
4.077629,1684223821.5
4.080190,1684223821.75
4.072508,1684223822.0
4.071228,1684223822.25
4.063546,1684223822.5
4.053303,1684223822.75
4.049462,1684223823.0
4.046901,1684223823.25
4.046901,1684223823.5
4.043060,1684223823.75
4.039219,1684223824.0
4.034098,1684223824.25
4.031538,1684223824.5
4.034098,1684223824.75
4.044341,1684223825.0
4.053303,1684223825.25
4.064826,1684223825.5
4.072508,1684223825.75
4.068667,1684223826.0
4.072508,1684223826.25
4.071228,1684223826.5
4.063546,1684223826.75
4.057144,1684223827.0
4.050742,1684223827.25
4.045621,1684223827.5
4.037939,1684223827.75
4.031538,1684223828.0
4.028977,1684223828.25
4.026416,1684223828.5
4.030257,1684223828.75
4.017454,1684223829.0
4.018734,1684223829.25
4.011052,1684223829.5
4.012332,1684223829.75
4.004651,1684223830.0
4.003370,1684223830.25
4.002090,1684223830.5
4.003370,1684223830.75
3.991847,1684223831.0
3.991847,1684223831.25
3.993128,1684223831.5
3.998249,1684223831.75
4.005931,1684223832.0
4.005931,1684223832.25
4.004651,1684223832.5
3.999529,1684223832.75
3.993128,1684223833.0
3.988006,1684223833.25
3.993128,1684223833.5
3.989287,1684223833.75
3.984165,1684223834.0
3.981605,1684223834.25
3.980324,1684223834.5
4.003370,1684223834.75
3.964960,1684223835.0
3.967521,1684223835.25
3.964960,1684223835.5
3.966241,1684223835.75
3.961119,1684223836.0
3.955998,1684223836.25
3.954718,1684223836.5
3.949596,1684223836.75
3.950877,1684223837.0
3.950877,1684223837.25
3.944475,1684223837.5
3.939354,1684223837.75
3.934232,1684223838.0
3.940221,1684223838.25
3.931259,1684223838.5
3.929978,1684223838.75
3.928698,1684223839.0
3.927418,1684223839.25
3.924857,1684223839.5
3.918455,1684223839.75
3.913334,1684223840.0
3.910774,1684223840.25
3.910774,1684223840.5
3.908213,1684223840.75
3.912054,1684223841.0
3.910774,1684223841.25
3.906933,1684223841.5
3.903091,1684223841.75
3.903091,1684223842.0
3.904372,1684223842.25
3.908213,1684223842.5
3.912054,1684223842.75
3.905652,1684223843.0
3.904372,1684223843.25
3.901811,1684223843.5
3.899251,1684223843.75
3.901811,1684223844.0
3.895410,1684223844.25
3.891569,1684223844.5
3.881326,1684223844.75
3.880046,1684223845.0
3.876205,1684223845.25
3.876205,1684223845.5
3.871083,1684223845.75
3.873644,1684223846.0
3.880046,1684223846.25
3.877485,1684223846.5
3.883887,1684223846.75
3.882606,1684223847.0
3.881326,1684223847.25
3.885167,1684223847.5
3.885167,1684223847.75
3.881326,1684223848.0
3.874924,1684223848.25
3.869803,1684223848.5
3.868523,1684223848.75
3.859560,1684223849.0
3.858280,1684223849.25
3.857000,1684223849.5
3.855719,1684223849.75
3.851878,1684223850.0
3.849318,1684223850.25
3.844196,1684223850.5
3.845477,1684223850.75
3.849318,1684223851.0
3.839075,1684223851.25
3.837795,1684223851.5
3.830113,1684223851.75
3.833954,1684223852.0
3.845477,1684223852.25
3.891569,1684223852.5
3.940221,1684223852.75
3.995275,1684223853.0
4.033685,1684223853.25
4.050329,1684223853.5
4.063133,1684223853.75
4.060572,1684223854.0
4.052890,1684223854.25
4.032405,1684223854.5
4.019601,1684223854.75
4.000397,1684223855.0
3.981192,1684223855.25
3.967108,1684223855.5
3.958146,1684223855.75
3.946623,1684223856.0
3.946623,1684223856.25
3.937660,1684223856.5
3.924857,1684223856.75
3.921016,1684223857.0
3.915895,1684223857.25
3.904372,1684223857.5
3.912054,1684223857.75
3.942782,1684223858.0
4.000397,1684223858.25
4.056731,1684223858.5
4.105383,1684223858.75
4.134831,1684223859.0
4.147635,1684223859.25
4.151475,1684223859.5
4.147635,1684223859.75
4.125869,1684223860.0
4.107944,1684223860.25
4.084898,1684223860.5
4.064413,1684223860.75
4.049049,1684223861.0
4.034966,1684223861.25
4.024723,1684223861.5
4.010639,1684223861.75
4.002957,1684223862.0
3.992715,1684223862.25
3.986313,1684223862.5
3.977351,1684223862.75
3.981192,1684223863.0
3.987593,1684223863.25
4.000397,1684223863.5
4.004238,1684223863.75
4.009359,1684223864.0
4.008079,1684223864.25
4.001677,1684223864.5
3.995275,1684223864.75
3.986313,1684223865.0
3.981192,1684223865.25
3.964547,1684223865.5
3.953024,1684223865.75
3.946623,1684223866.0
3.940221,1684223866.25
3.933820,1684223866.5
3.933820,1684223866.75
3.932539,1684223867.0
3.921016,1684223867.25
3.913334,1684223867.5
3.913334,1684223867.75
3.904372,1684223868.0
3.904372,1684223868.25
3.903091,1684223868.5
3.901811,1684223868.75
3.903091,1684223869.0
3.895410,1684223869.25
3.894129,1684223869.5
3.891569,1684223869.75
3.887727,1684223870.0
3.887727,1684223870.25
3.881326,1684223870.5
3.873644,1684223870.75
3.871083,1684223871.0
3.871083,1684223871.25
3.881326,1684223871.5
3.883887,1684223871.75
3.890288,1684223872.0
3.887727,1684223872.25
3.881326,1684223872.5
3.878765,1684223872.75
3.874924,1684223873.0
3.868523,1684223873.25
3.865962,1684223873.5
3.862121,1684223873.75
3.863401,1684223874.0
3.854439,1684223874.25
3.849318,1684223874.5
3.845477,1684223874.75
3.849318,1684223875.0
3.845477,1684223875.25
3.840355,1684223875.5
3.837795,1684223875.75
3.839075,1684223876.0
3.831393,1684223876.25
3.831393,1684223876.5
3.830113,1684223876.75
3.826272,1684223877.0
3.822431,1684223877.25
3.818590,1684223877.5
3.819870,1684223877.75
3.816029,1684223878.0
3.817309,1684223878.25
3.812188,1684223878.5
3.812188,1684223878.75
3.810908,1684223879.0
3.807067,1684223879.25
3.805787,1684223879.5
3.808347,1684223879.75
3.807067,1684223880.0
3.807067,1684223880.25
3.799385,1684223880.5
3.796824,1684223880.75
3.795544,1684223881.0
3.791703,1684223881.25
3.792983,1684223881.5
3.796824,1684223881.75
3.792983,1684223882.0
3.787862,1684223882.25
3.786582,1684223882.5
3.778900,1684223882.75
3.782741,1684223883.0
3.778900,1684223883.25
3.775059,1684223883.5
3.773778,1684223883.75
3.769937,1684223884.0
3.768657,1684223884.25
3.766096,1684223884.5
3.764816,1684223884.75
3.766096,1684223885.0
3.758414,1684223885.25
3.759695,1684223885.5
3.753293,1684223885.75
3.750732,1684223886.0
3.754573,1684223886.25
3.752013,1684223886.5
3.759695,1684223886.75
3.758414,1684223887.0
3.762255,1684223887.25
3.772498,1684223887.5
3.773778,1684223887.75
3.773778,1684223888.0
3.771218,1684223888.25
3.775059,1684223888.5
3.772498,1684223888.75
3.764816,1684223889.0
3.754573,1684223889.25
3.758414,1684223889.5
3.749452,1684223889.75
3.746891,1684223890.0
3.741770,1684223890.25
3.739209,1684223890.5
3.736649,1684223890.75
3.725126,1684223891.0
3.726406,1684223891.25
3.725126,1684223891.5
3.725126,1684223891.75
3.720005,1684223892.0
3.717444,1684223892.25
3.711042,1684223892.5
3.714883,1684223892.75
3.713603,1684223893.0
3.713603,1684223893.25
3.708482,1684223893.5
3.699519,1684223893.75
3.702080,1684223894.0
3.695678,1684223894.25
3.696959,1684223894.5
3.694398,1684223894.75
3.693118,1684223895.0
3.694398,1684223895.25
3.685436,1684223895.5
3.686716,1684223895.75
3.699519,1684223896.0
3.723845,1684223896.25
3.757134,1684223896.5
3.792983,1684223896.75
3.813468,1684223897.0
3.830113,1684223897.25
3.830113,1684223897.5
3.836514,1684223897.75
3.823711,1684223898.0
3.816029,1684223898.25
3.800665,1684223898.5
3.789142,1684223898.75
3.778900,1684223899.0
3.763536,1684223899.25
3.758414,1684223899.5
3.753293,1684223899.75
3.745611,1684223900.0
3.737929,1684223900.25
3.731528,1684223900.5
3.727686,1684223900.75
3.727686,1684223901.0
3.726406,1684223901.25
3.716163,1684223901.5
3.716163,1684223901.75
3.708482,1684223902.0
3.703360,1684223902.25
3.699519,1684223902.5
3.699519,1684223902.75
3.699519,1684223903.0
3.698239,1684223903.25
3.693118,1684223903.5
3.682875,1684223903.75
3.682875,1684223904.0
3.681595,1684223904.25
3.679034,1684223904.5
3.676473,1684223904.75
3.672632,1684223905.0
3.668791,1684223905.25
3.662390,1684223905.5
3.655988,1684223905.75
3.657268,1684223906.0
3.657268,1684223906.25
3.655988,1684223906.5
3.648306,1684223906.75
3.645746,1684223907.0
3.640624,1684223907.25
3.638063,1684223907.5
3.640624,1684223907.75
3.636783,1684223908.0
3.635503,1684223908.25
3.626540,1684223908.5
3.621419,1684223908.75
3.662390,1684223909.0
3.622699,1684223909.25
3.622699,1684223909.5
3.616298,1684223909.75
3.612457,1684223910.0
3.608616,1684223910.25
3.604775,1684223910.5
3.602214,1684223910.75
3.602214,1684223911.0
3.597093,1684223911.25
3.590691,1684223911.5
3.590691,1684223911.75
3.597093,1684223912.0
3.588131,1684223912.25
3.590691,1684223912.5
3.585570,1684223912.75
3.583009,1684223913.0
3.583009,1684223913.25
3.574047,1684223913.5
3.581729,1684223913.75
3.590691,1684223914.0
3.594532,1684223914.25
3.636783,1684223914.5
3.602214,1684223914.75
3.604775,1684223915.0
3.609896,1684223915.25
3.604775,1684223915.5
3.603495,1684223915.75
3.598373,1684223916.0
3.590691,1684223916.25
3.584290,1684223916.5
3.576608,1684223916.75
3.581729,1684223917.0
3.577888,1684223917.25
3.572767,1684223917.5
3.570206,1684223917.75
3.559963,1684223918.0
3.552281,1684223918.25
3.556122,1684223918.5
3.553562,1684223918.75
3.553562,1684223919.0
3.539478,1684223919.25
3.534357,1684223919.5
3.536917,1684223919.75
3.536917,1684223920.0
3.536917,1684223920.25
3.533077,1684223920.5
3.530516,1684223920.75
3.526675,1684223921.0
3.522834,1684223921.25
3.529236,1684223921.5
3.529236,1684223921.75
3.527955,1684223922.0
3.531796,1684223922.25
3.530516,1684223922.5
3.542039,1684223922.75
3.549721,1684223923.0
3.556122,1684223923.25
3.556122,1684223923.5
3.558683,1684223923.75
3.551001,1684223924.0
3.545880,1684223924.25
3.551001,1684223924.5
3.544600,1684223924.75
3.536917,1684223925.0
3.534357,1684223925.25
3.563804,1684223925.5
3.518993,1684223925.75
3.518993,1684223926.0
3.521554,1684223926.25
3.517713,1684223926.5
3.516432,1684223926.75
3.508750,1684223927.0
3.507470,1684223927.25
3.508750,1684223927.5
3.501068,1684223927.75
3.499788,1684223928.0
3.499788,1684223928.25
3.490826,1684223928.5
3.486985,1684223928.75
3.490826,1684223929.0
3.490826,1684223929.25
3.497227,1684223929.5
3.513872,1684223929.75
3.520273,1684223930.0
3.527955,1684223930.25
3.545880,1684223930.5
3.552281,1684223930.75
3.552281,1684223931.0
3.543319,1684223931.25
3.539478,1684223931.5
3.536917,1684223931.75
3.521554,1684223932.0
3.521554,1684223932.25
3.518993,1684223932.5
3.512591,1684223932.75
3.502349,1684223933.0
3.498507,1684223933.25
3.499788,1684223933.5
3.497227,1684223933.75
3.493386,1684223934.0
3.489545,1684223934.25
3.481863,1684223934.5
3.484424,1684223934.75
3.483144,1684223935.0
3.483144,1684223935.25
3.481863,1684223935.5
3.476742,1684223935.75
3.472901,1684223936.0
3.469060,1684223936.25
3.467780,1684223936.5
3.463939,1684223936.75
3.460098,1684223937.0
3.462658,1684223937.25
3.456257,1684223937.5
3.448575,1684223937.75
3.447294,1684223938.0
3.447294,1684223938.25
3.448575,1684223938.5
3.444734,1684223938.75
3.444734,1684223939.0
3.448575,1684223939.25
3.470340,1684223939.5
3.476742,1684223939.75
3.498507,1684223940.0
3.503629,1684223940.25
3.512591,1684223940.5
3.507470,1684223940.75
3.501068,1684223941.0
3.492106,1684223941.25
3.490826,1684223941.5
3.484424,1684223941.75
3.480583,1684223942.0
3.470340,1684223942.25
3.466499,1684223942.5
3.458817,1684223942.75
3.458817,1684223943.0
3.460098,1684223943.25
3.453696,1684223943.5
3.447294,1684223943.75
3.440893,1684223944.0
3.437052,1684223944.25
3.450375,1684223944.5
3.446533,1684223944.75
3.449094,1684223945.0
3.449094,1684223945.25
3.443973,1684223945.5
3.440132,1684223945.75
3.435011,1684223946.0
3.437571,1684223946.25
3.433730,1684223946.5
3.432450,1684223946.75
3.424768,1684223947.0
3.419647,1684223947.25
3.419647,1684223947.5
3.419647,1684223947.75
3.417086,1684223948.0
3.414525,1684223948.25
3.409404,1684223948.5
3.405563,1684223948.75
3.400442,1684223949.0
3.401722,1684223949.25
3.404283,1684223949.5
3.401722,1684223949.75
3.397881,1684223950.0
3.387638,1684223950.25
3.392760,1684223950.5
3.391479,1684223950.75
3.391479,1684223951.0
3.387638,1684223951.25
3.383797,1684223951.5
3.381237,1684223951.75
3.377396,1684223952.0
3.383797,1684223952.25
3.381237,1684223952.5
3.376115,1684223952.75
3.372274,1684223953.0
3.369714,1684223953.25
3.367153,1684223953.5
3.365873,1684223953.75
3.369714,1684223954.0
3.363312,1684223954.25
3.359471,1684223954.5
3.358191,1684223954.75
3.356910,1684223955.0
3.355630,1684223955.25
3.354350,1684223955.5
3.355630,1684223955.75
3.350509,1684223956.0
3.350509,1684223956.25
3.347948,1684223956.5
3.347948,1684223956.75
3.346668,1684223957.0
3.347948,1684223957.25
3.345387,1684223957.5
3.338986,1684223957.75
3.337706,1684223958.0
3.336425,1684223958.25
3.337706,1684223958.5
3.336425,1684223958.75
3.336425,1684223959.0
3.332584,1684223959.25
3.324902,1684223959.5
3.322342,1684223959.75
3.322342,1684223960.0
3.322342,1684223960.25
3.319781,1684223960.5
3.319781,1684223960.75
3.318501,1684223961.0
3.315940,1684223961.25
3.321061,1684223961.5
3.321061,1684223961.75
3.319781,1684223962.0
3.313379,1684223962.25
3.314660,1684223962.5
3.309538,1684223962.75
3.313379,1684223963.0
3.314660,1684223963.25
3.312099,1684223963.5
3.313379,1684223963.75
3.309538,1684223964.0
3.312099,1684223964.25
3.309538,1684223964.5
3.309538,1684223964.75
3.304417,1684223965.0
3.301856,1684223965.25
3.296735,1684223965.5
3.296735,1684223965.75
3.299296,1684223966.0
3.291614,1684223966.25
3.298015,1684223966.5
3.291614,1684223966.75
3.292894,1684223967.0
3.289053,1684223967.25
3.295455,1684223967.5
3.290334,1684223967.75
3.292894,1684223968.0
3.291614,1684223968.25
3.286492,1684223968.5
3.283932,1684223968.75
3.281371,1684223969.0
3.285212,1684223969.25
3.283932,1684223969.5
3.281371,1684223969.75
3.272409,1684223970.0
3.272409,1684223970.25
3.267287,1684223970.5
3.267287,1684223970.75
3.268568,1684223971.0
3.267287,1684223971.25
3.267287,1684223971.5
3.260886,1684223971.75
3.254484,1684223972.0
3.255764,1684223972.25
3.260886,1684223972.5
3.255764,1684223972.75
3.253204,1684223973.0
3.246802,1684223973.25
3.245522,1684223973.5
3.239120,1684223973.75
3.241681,1684223974.0
3.240401,1684223974.25
3.239120,1684223974.5
3.239120,1684223974.75
3.235279,1684223975.0
3.231438,1684223975.25
3.233999,1684223975.5
3.232719,1684223975.75
3.231438,1684223976.0
3.232719,1684223976.25
3.226317,1684223976.5
3.223756,1684223976.75
3.231438,1684223977.0
3.230158,1684223977.25
3.236560,1684223977.5
3.239120,1684223977.75
3.237840,1684223978.0
3.237840,1684223978.25
3.239120,1684223978.5
3.239120,1684223978.75
3.235279,1684223979.0
3.231438,1684223979.25
3.227597,1684223979.5
3.225037,1684223979.75
3.223756,1684223980.0
3.227597,1684223980.25
3.221196,1684223980.5
3.223756,1684223980.75
3.219915,1684223981.0
3.222476,1684223981.25
3.230158,1684223981.5
3.225037,1684223981.75
3.230158,1684223982.0
3.228878,1684223982.25
3.223756,1684223982.5
3.219915,1684223982.75
3.221196,1684223983.0
3.218635,1684223983.25
3.219915,1684223983.5
3.218635,1684223983.75
3.219915,1684223984.0
3.218635,1684223984.25
3.221196,1684223984.5
3.222476,1684223984.75
3.219915,1684223985.0
3.217355,1684223985.25
3.212233,1684223985.5
3.209673,1684223985.75
3.212233,1684223986.0
3.207112,1684223986.25
3.208392,1684223986.5
3.204551,1684223986.75
3.205832,1684223987.0
3.198150,1684223987.25
3.194309,1684223987.5
3.195589,1684223987.75
3.193028,1684223988.0
3.194309,1684223988.25
3.190468,1684223988.5
3.187907,1684223988.75
3.182786,1684223989.0
3.184066,1684223989.25
3.186627,1684223989.5
3.196869,1684223989.75
3.212233,1684223990.0
3.244241,1684223990.25
3.281371,1684223990.5
3.309538,1684223990.75
3.338986,1684223991.0
3.346668,1684223991.25
3.356910,1684223991.5
3.351789,1684223991.75
3.341547,1684223992.0
3.330024,1684223992.25
3.319781,1684223992.5
3.313379,1684223992.75
3.305697,1684223993.0
3.295455,1684223993.25
3.286492,1684223993.5
3.277530,1684223993.75
3.274969,1684223994.0
3.269848,1684223994.25
3.266007,1684223994.5
3.262166,1684223994.75
3.258325,1684223995.0
3.249363,1684223995.25
3.246802,1684223995.5
3.245522,1684223995.75
3.246802,1684223996.0
3.239120,1684223996.25
3.237840,1684223996.5
3.236560,1684223996.75
3.232719,1684223997.0
3.236560,1684223997.25
3.255764,1684223997.5
3.277530,1684223997.75
3.296735,1684223998.0
3.309538,1684223998.25
3.321061,1684223998.5
3.324902,1684223998.75
3.326183,1684223999.0
3.321061,1684223999.25
3.314660,1684223999.5
3.305697,1684223999.75
3.292894,1684224000.0
3.291614,1684224000.25
3.295455,1684224000.5
3.295455,1684224000.75
3.291614,1684224001.0
3.285212,1684224001.25
3.277530,1684224001.5
3.273689,1684224001.75
3.268568,1684224002.0
3.264727,1684224002.25
3.264727,1684224002.5
3.260886,1684224002.75
3.251924,1684224003.0
3.250643,1684224003.25
3.248083,1684224003.5
3.248083,1684224003.75
3.244241,1684224004.0
3.242961,1684224004.25
3.237840,1684224004.5
3.232719,1684224004.75
3.230158,1684224005.0
3.228878,1684224005.25
3.232719,1684224005.5
3.223756,1684224005.75
3.221196,1684224006.0
3.218635,1684224006.25
3.216074,1684224006.5
3.214794,1684224006.75
3.218635,1684224007.0
3.214794,1684224007.25
3.209673,1684224007.5
3.208392,1684224007.75
3.205832,1684224008.0
3.199430,1684224008.25
3.196869,1684224008.5
3.198150,1684224008.75
3.201991,1684224009.0
3.199430,1684224009.25
3.196869,1684224009.5
3.189188,1684224009.75
3.194309,1684224010.0
3.187907,1684224010.25
3.186627,1684224010.5
3.187907,1684224010.75
3.185346,1684224011.0
3.178945,1684224011.25
3.181505,1684224011.5
3.175104,1684224011.75
3.178945,1684224012.0
3.177665,1684224012.25
3.176384,1684224012.5
3.172543,1684224012.75
3.167422,1684224013.0
3.164861,1684224013.25
3.167422,1684224013.5
3.161020,1684224013.75
3.164861,1684224014.0
3.163581,1684224014.25
3.161020,1684224014.5
3.158459,1684224014.75
3.154619,1684224015.0
3.157179,1684224015.25
3.158459,1684224015.5
3.153338,1684224015.75
3.154619,1684224016.0
3.145656,1684224016.25
3.146937,1684224016.5
3.148217,1684224016.75
3.144376,1684224017.0
3.144376,1684224017.25
3.143095,1684224017.5
3.137974,1684224017.75
3.137974,1684224018.0
3.135414,1684224018.25
3.134133,1684224018.5
3.136694,1684224018.75
3.129012,1684224019.0
3.126451,1684224019.25
3.125171,1684224019.5
3.121330,1684224019.75
3.123891,1684224020.0
3.121330,1684224020.25
3.120050,1684224020.5
3.116209,1684224020.75
3.117489,1684224021.0
3.113648,1684224021.25
3.112368,1684224021.5
3.116209,1684224021.75
3.109807,1684224022.0
3.107246,1684224022.25
3.103405,1684224022.5
3.108527,1684224022.75
3.104686,1684224023.0
3.104686,1684224023.25
3.108527,1684224023.5
3.102125,1684224023.75
3.097004,1684224024.0
3.094443,1684224024.25
3.094443,1684224024.5
3.097004,1684224024.75
3.091882,1684224025.0
3.093163,1684224025.25
3.088042,1684224025.5
3.085481,1684224025.75
3.081640,1684224026.0
3.081640,1684224026.25
3.091882,1684224026.5
3.090602,1684224026.75
3.088042,1684224027.0
3.088042,1684224027.25
3.084200,1684224027.5
3.090602,1684224027.75
3.099564,1684224028.0
3.109807,1684224028.25
3.120050,1684224028.5
3.123891,1684224028.75
3.127732,1684224029.0
3.125171,1684224029.25
3.132853,1684224029.5
3.134133,1684224029.75
3.145656,1684224030.0
3.173823,1684224030.25
3.208392,1684224030.5
3.241681,1684224030.75
3.272409,1684224031.0
3.290334,1684224031.25
3.299296,1684224031.5
3.299296,1684224031.75
3.289053,1684224032.0
3.300576,1684224032.25
3.324902,1684224032.5
3.360751,1684224032.75
3.390199,1684224033.0
3.419647,1684224033.25
3.436291,1684224033.5
3.440132,1684224033.75
3.443973,1684224034.0
3.449094,1684224034.25
3.442693,1684224034.5
3.435011,1684224034.75
3.423488,1684224035.0
3.408124,1684224035.25
3.395320,1684224035.5
3.382517,1684224035.75
3.397881,1684224036.0
3.447814,1684224036.25
3.520792,1684224036.5
3.597612,1684224036.75
3.652667,1684224037.0
3.712842,1684224037.25
3.761494,1684224037.5
3.766616,1684224037.75
3.751252,1684224038.0
3.723084,1684224038.25
3.692357,1684224038.5
3.661629,1684224038.75
3.637302,1684224039.0
3.624499,1684224039.25
3.632181,1684224039.5
3.657788,1684224039.75
3.702599,1684224040.0
3.761494,1684224040.25
3.812708,1684224040.5
3.842155,1684224040.75
3.858799,1684224041.0
3.858799,1684224041.25
3.844716,1684224041.5
3.824230,1684224041.75
3.796063,1684224042.0
3.775578,1684224042.25
3.757653,1684224042.5
3.738448,1684224042.75
3.719244,1684224043.0
3.712842,1684224043.25
3.706440,1684224043.5
3.707721,1684224043.75
3.698758,1684224044.0
3.703880,1684224044.25
3.698758,1684224044.5
3.691076,1684224044.75
3.679553,1684224045.0
3.673152,1684224045.25
3.665470,1684224045.5
3.669311,1684224045.75
3.669311,1684224046.0
3.676993,1684224046.25
3.675712,1684224046.5
3.671871,1684224046.75
3.671871,1684224047.0
3.697478,1684224047.25
3.748691,1684224047.5
3.798624,1684224047.75
3.847276,1684224048.0
3.865201,1684224048.25
3.872883,1684224048.5
3.870322,1684224048.75
3.856239,1684224049.0
3.835753,1684224049.25
3.820390,1684224049.5
3.807586,1684224049.75
3.858799,1684224050.0
3.981711,1684224050.25
4.186044,1684224050.5
4.434428,1684224050.75
4.608966,1684224051.0
4.734438,1684224051.25
4.776689,1684224051.5
4.766446,1684224051.75
4.726756,1684224052.0
4.651217,1684224052.25
4.576958,1684224052.5
4.518063,1684224052.75
4.471971,1684224053.0
4.423318,1684224053.25
4.391310,1684224053.5
4.360582,1684224053.75
4.350339,1684224054.0
4.327293,1684224054.25
4.310649,1684224054.5
4.304247,1684224054.75
4.288884,1684224055.0
4.273520,1684224055.25
4.272239,1684224055.5
4.274800,1684224055.75
4.263277,1684224056.0
4.253034,1684224056.25
4.247913,1684224056.5
4.240231,1684224056.75
4.235110,1684224057.0
4.224867,1684224057.25
4.228708,1684224057.5
4.227428,1684224057.75
4.226148,1684224058.0
4.217185,1684224058.25
4.213344,1684224058.5
4.213344,1684224058.75
4.217185,1684224059.0
4.219746,1684224059.25
4.219746,1684224059.5
4.221026,1684224059.75
4.209503,1684224060.0
4.206943,1684224060.25
4.203102,1684224060.5
4.196700,1684224060.75
4.194139,1684224061.0
4.187737,1684224061.25
4.186457,1684224061.5
4.181336,1684224061.75
4.168533,1684224062.0
4.165972,1684224062.25
4.164691,1684224062.5
4.178775,1684224062.75
4.214624,1684224063.0
4.265838,1684224063.25
4.331134,1684224063.5
4.372105,1684224063.75
4.402833,1684224064.0
4.413075,1684224064.25
4.406674,1684224064.5
4.388749,1684224064.75
4.364423,1684224065.0
4.345218,1684224065.25
4.328574,1684224065.5
4.317051,1684224065.75
4.302967,1684224066.0
4.294005,1684224066.25
4.285043,1684224066.5
4.273520,1684224066.75
4.264557,1684224067.0
4.265838,1684224067.25
4.259436,1684224067.5
4.254314,1684224067.75
4.261997,1684224068.0
4.292725,1684224068.25
4.373385,1684224068.5
4.390029,1684224068.75
4.433561,1684224069.0
4.454046,1684224069.25
4.455326,1684224069.5
4.445084,1684224069.75
4.433561,1684224070.0
4.414356,1684224070.25
4.396431,1684224070.5
4.384908,1684224070.75
4.372105,1684224071.0
4.355461,1684224071.25
4.345218,1684224071.5
4.331134,1684224071.75
4.336256,1684224072.0
4.322172,1684224072.25
4.324733,1684224072.5
4.320892,1684224072.75
4.309369,1684224073.0
4.299126,1684224073.25
4.301687,1684224073.5
4.300406,1684224073.75
4.292725,1684224074.0
4.291444,1684224074.25
4.282482,1684224074.5
4.279921,1684224074.75
4.272239,1684224075.0
4.269679,1684224075.25
4.278641,1684224075.5
4.268398,1684224075.75
4.256876,1684224076.0
4.261997,1684224076.25
4.255595,1684224076.5
4.253034,1684224076.75
4.242792,1684224077.0
4.241511,1684224077.25
4.244072,1684224077.5
4.235110,1684224077.75
4.224867,1684224078.0
4.219746,1684224078.25
4.224867,1684224078.5
4.223587,1684224078.75
4.218465,1684224079.0
4.206943,1684224079.25
4.213344,1684224079.5
4.250473,1684224079.75
4.308088,1684224080.0
4.369544,1684224080.25
4.427159,1684224080.5
4.448925,1684224080.75
4.468130,1684224081.0
4.470690,1684224081.25
4.459167,1684224081.5
4.438682,1684224081.75
4.414356,1684224082.0
4.396431,1684224082.25
4.378507,1684224082.5
4.360582,1684224082.75
4.347779,1684224083.0
4.340096,1684224083.25
4.332415,1684224083.5
4.322172,1684224083.75
4.313210,1684224084.0
4.309369,1684224084.25
4.301687,1684224084.5
4.295285,1684224084.75
4.285043,1684224085.0
4.286323,1684224085.25
4.282482,1684224085.5
4.279921,1684224085.75
4.273520,1684224086.0
4.264557,1684224086.25
4.267118,1684224086.5
4.265838,1684224086.75
4.259436,1684224087.0
4.261997,1684224087.25
4.255595,1684224087.5
4.238951,1684224087.75
4.231269,1684224088.0
4.226148,1684224088.25
4.235110,1684224088.5
4.260716,1684224088.75
4.306808,1684224089.0
4.345218,1684224089.25
4.372105,1684224089.5
4.383628,1684224089.75
4.392590,1684224090.0
4.388749,1684224090.25
4.375946,1684224090.5
4.364423,1684224090.75
4.346498,1684224091.0
4.343938,1684224091.25
4.365703,1684224091.5
4.401553,1684224091.75
4.441243,1684224092.0
4.459167,1684224092.25
4.469410,1684224092.5
4.468130,1684224092.75
4.459167,1684224093.0
4.441243,1684224093.25
4.427159,1684224093.5
4.422038,1684224093.75
4.404113,1684224094.0
4.388749,1684224094.25
4.372105,1684224094.5
4.360582,1684224094.75
4.360582,1684224095.0
4.377226,1684224095.25
4.400272,1684224095.5
4.416916,1684224095.75
4.420757,1684224096.0
4.420757,1684224096.25
4.407954,1684224096.5
4.395151,1684224096.75
4.378507,1684224097.0
4.366983,1684224097.25
4.356741,1684224097.5
4.347779,1684224097.75
4.336256,1684224098.0
4.319612,1684224098.25
4.315771,1684224098.5
4.305528,1684224098.75
4.305528,1684224099.0
4.301687,1684224099.25
4.287603,1684224099.5
4.294005,1684224099.75
4.286323,1684224100.0
4.273520,1684224100.25
4.268398,1684224100.5
4.265838,1684224100.75
4.258156,1684224101.0
4.249193,1684224101.25
4.249193,1684224101.5
4.236390,1684224101.75
4.228708,1684224102.0
4.224867,1684224102.25
4.217185,1684224102.5
4.217185,1684224102.75
4.209503,1684224103.0
4.199261,1684224103.25
4.197980,1684224103.5
4.194139,1684224103.75
4.182616,1684224104.0
4.174934,1684224104.25
4.174934,1684224104.5
4.176215,1684224104.75
4.168533,1684224105.0
4.164691,1684224105.25
4.151888,1684224105.5
4.146767,1684224105.75
4.141646,1684224106.0
4.140366,1684224106.25
4.139085,1684224106.5
4.135244,1684224106.75
4.127562,1684224107.0
4.135244,1684224107.25
4.149328,1684224107.5
4.173654,1684224107.75
4.195419,1684224108.0
4.215905,1684224108.25
4.224867,1684224108.5
4.223587,1684224108.75
4.219746,1684224109.0
4.203102,1684224109.25
4.199261,1684224109.5
4.182616,1684224109.75
4.177495,1684224110.0
4.171093,1684224110.25
4.168533,1684224110.5
4.151888,1684224110.75
4.139085,1684224111.0
4.136524,1684224111.25
4.131403,1684224111.5
4.151888,1684224111.75
4.197980,1684224112.0
4.246633,1684224112.25
4.287603,1684224112.5
4.309369,1684224112.75
4.315771,1684224113.0
4.322172,1684224113.25
4.306808,1684224113.5
4.296566,1684224113.75
4.276080,1684224114.0
4.256876,1684224114.25
4.240231,1684224114.5
4.221026,1684224114.75
4.215905,1684224115.0
4.205662,1684224115.25
4.191578,1684224115.5
4.189018,1684224115.75
4.173654,1684224116.0
4.163411,1684224116.25
4.165972,1684224116.5
4.160851,1684224116.75
4.157010,1684224117.0
4.154449,1684224117.25
4.148047,1684224117.5
4.144207,1684224117.75
4.137805,1684224118.0
4.137805,1684224118.25
4.131403,1684224118.5
4.133964,1684224118.75
4.125001,1684224119.0
4.113479,1684224119.25
4.107077,1684224119.5
4.104516,1684224119.75
4.104516,1684224120.0
4.098114,1684224120.25
4.096834,1684224120.5
4.095554,1684224120.75
4.086592,1684224121.0
4.078909,1684224121.25
4.077629,1684224121.5
4.071228,1684224121.75
4.068667,1684224122.0
4.064826,1684224122.25
4.066106,1684224122.5
4.052023,1684224122.75
4.048182,1684224123.0
4.044341,1684224123.25
4.043060,1684224123.5
4.041780,1684224123.75
4.040500,1684224124.0
4.032818,1684224124.25
4.028977,1684224124.5
4.022575,1684224124.75
4.018734,1684224125.0
4.016173,1684224125.25
4.013613,1684224125.5
4.007211,1684224125.75
4.004651,1684224126.0
4.002090,1684224126.25
3.999529,1684224126.5
3.989287,1684224126.75
3.994408,1684224127.0
3.988006,1684224127.25
3.985445,1684224127.5
3.977764,1684224127.75
3.973923,1684224128.0
3.967521,1684224128.25
3.967521,1684224128.5
3.963680,1684224128.75
3.961119,1684224129.0
3.952157,1684224129.25
3.953437,1684224129.5
3.945755,1684224129.75
3.945755,1684224130.0
3.940634,1684224130.25
3.943195,1684224130.5
3.945755,1684224130.75
3.941914,1684224131.0
3.936793,1684224131.25
3.945342,1684224131.5
3.936380,1684224131.75
3.931259,1684224132.0
3.929978,1684224132.25
3.927418,1684224132.5
3.921016,1684224132.75
3.922297,1684224133.0
3.908213,1684224133.25
3.905652,1684224133.5
3.900531,1684224133.75
3.894129,1684224134.0
3.891569,1684224134.25
3.894129,1684224134.5
3.889008,1684224134.75
3.885167,1684224135.0
3.880046,1684224135.25
3.869803,1684224135.5
3.869803,1684224135.75
3.878765,1684224136.0
3.889008,1684224136.25
3.919736,1684224136.5
3.959426,1684224136.75
3.990154,1684224137.0
4.010639,1684224137.25
4.023442,1684224137.5
4.028564,1684224137.75
4.028564,1684224138.0
4.017041,1684224138.25
4.004238,1684224138.5
3.986313,1684224138.75
3.973510,1684224139.0
3.956865,1684224139.25
3.958146,1684224139.5
3.949183,1684224139.75
3.949183,1684224140.0
3.941501,1684224140.25
3.927418,1684224140.5
3.924857,1684224140.75
3.926137,1684224141.0
3.926137,1684224141.25
3.946623,1684224141.5
3.953024,1684224141.75
3.965828,1684224142.0
4.006798,1684224142.25
4.095141,1684224142.5
4.219333,1684224142.75
4.332002,1684224143.0
4.429307,1684224143.25
4.488615,1684224143.5
4.505259,1684224143.75
4.495017,1684224144.0
4.461728,1684224144.25
4.419477,1684224144.5
4.378507,1684224144.75
4.340096,1684224145.0
4.306808,1684224145.25
4.313210,1684224145.5
4.247913,1684224145.75
4.228708,1684224146.0
4.208223,1684224146.25
4.197980,1684224146.5
4.186457,1684224146.75
4.172374,1684224147.0
4.163411,1684224147.25
4.144207,1684224147.5
4.127562,1684224147.75
4.127562,1684224148.0
4.155729,1684224148.25
4.116039,1684224148.5
4.108357,1684224148.75
4.099395,1684224149.0
4.094274,1684224149.25
4.089152,1684224149.5
4.080190,1684224149.75
4.069947,1684224150.0
4.066106,1684224150.25
4.058424,1684224150.5
4.050742,1684224150.75
4.041780,1684224151.0
4.039219,1684224151.25
4.028977,1684224151.5
4.031538,1684224151.75
4.027697,1684224152.0
4.013613,1684224152.25
4.009772,1684224152.5
4.000810,1684224152.75
4.004651,1684224153.0
4.000810,1684224153.25
4.013613,1684224153.5
4.049462,1684224153.75
4.113479,1684224154.0
4.164691,1684224154.25
4.201821,1684224154.5
4.229989,1684224154.75
4.241511,1684224155.0
4.238951,1684224155.25
4.218465,1684224155.5
4.194139,1684224155.75
4.171093,1684224156.0
4.150608,1684224156.25
4.137805,1684224156.5
4.126282,1684224156.75
4.110918,1684224157.0
4.098114,1684224157.25
4.082751,1684224157.5
4.077629,1684224157.75
