frame_index,frame_relative_time,car,person,bicycle,motorcycle,truck,traffic,bus,stop
0,0.0,0,0,0,0,0,0,0,0
1,0.03333333333333333,0,0,0,0,0,0,0,0
2,0.06666666666666667,0,0,0,0,0,0,0,0
3,0.1,0,0,0,0,0,0,0,0
4,0.13333333333333333,0,0,0,0,0,0,0,0
5,0.16666666666666666,0,0,0,0,0,0,0,0
6,0.2,0,0,0,0,0,0,0,0
7,0.23333333333333334,0,0,0,0,0,0,0,0
8,0.26666666666666666,0,0,0,0,0,0,0,0
9,0.3,1,1,0,0,0,0,0,0
10,0.3333333333333333,0,0,0,0,0,0,0,0
11,0.36666666666666664,0,0,0,0,0,0,0,0
12,0.4,0,0,0,0,0,0,0,0
13,0.43333333333333335,1,0,0,0,0,0,0,0
14,0.4666666666666667,0,0,0,0,0,0,0,0
15,0.5,0,0,0,0,0,0,0,0
16,0.5333333333333333,0,0,0,0,0,0,0,0
17,0.5666666666666667,0,0,0,0,0,0,0,0
18,0.6,0,0,0,0,0,0,0,0
19,0.6333333333333333,0,0,0,0,0,0,0,0
20,0.6666666666666666,0,0,0,0,0,0,0,0
21,0.7,0,0,0,0,0,0,0,0
22,0.7333333333333333,0,1,0,0,0,0,0,0
23,0.7666666666666666,0,1,0,0,0,0,0,0
24,0.8,2,0,0,0,0,0,0,0
25,0.8333333333333334,0,0,0,0,0,0,0,0
26,0.8666666666666667,0,0,0,0,0,0,0,0
27,0.9,0,2,0,0,0,0,0,0
28,0.9333333333333333,0,0,0,0,0,0,0,0
29,0.9666666666666667,0,0,0,0,0,1,0,0
30,1.0,0,0,0,0,0,0,0,0
31,1.0333333333333332,0,0,0,0,0,0,0,0
32,1.0666666666666667,0,0,0,0,0,0,0,0
33,1.1,0,0,1,1,0,0,0,0
34,1.1333333333333333,0,0,0,0,0,0,0,0
35,1.1666666666666667,3,0,0,0,0,0,0,0
36,1.2,0,0,0,0,0,0,0,0
37,1.2333333333333334,0,0,1,0,0,0,0,0
38,1.2666666666666666,1,0,0,0,0,0,0,0
39,1.3,0,0,0,0,0,0,0,0
40,1.3333333333333333,0,0,0,0,0,0,0,0
41,1.3666666666666667,0,0,0,0,0,0,0,0
42,1.4,0,0,0,1,0,0,0,0
43,1.4333333333333333,0,0,0,1,0,0,0,0
44,1.4666666666666666,0,0,0,1,0,0,0,0
45,1.5,0,0,0,1,0,0,0,0
46,1.5333333333333332,4,0,0,0,0,0,0,0
47,1.5666666666666667,0,0,1,0,0,0,0,0
48,1.6,0,1,0,0,0,0,0,0
49,1.6333333333333333,0,1,1,0,0,0,0,0
50,1.6666666666666667,0,0,1,0,0,0,0,0
51,1.7,0,0,1,0,0,0,0,0
52,1.7333333333333334,0,0,1,0,0,0,0,0
53,1.7666666666666666,0,0,1,0,0,0,0,0
54,1.8,0,1,1,0,0,1,0,0
55,1.8333333333333333,0,0,1,0,0,0,0,0
56,1.8666666666666667,0,0,1,2,0,0,0,0
57,1.9,3,0,0,0,0,0,0,0
58,1.9333333333333333,0,1,1,1,0,0,0,0
59,1.9666666666666666,0,1,1,1,0,0,0,0
60,2.0,0,0,1,2,0,0,0,0
61,2.033333333333333,0,0,1,1,0,0,0,0
62,2.0666666666666664,0,1,0,1,0,0,0,0
63,2.1,0,0,1,2,0,0,0,0
64,2.1333333333333333,0,3,1,1,0,0,0,0
65,2.1666666666666665,0,2,1,1,0,0,0,0
66,2.2,0,3,1,0,0,0,0,0
67,2.2333333333333334,0,2,1,0,0,0,0,0
68,2.2666666666666666,2,0,0,0,0,0,0,0
69,2.3,0,2,1,0,0,0,0,0
70,2.3333333333333335,0,2,0,1,0,0,0,0
71,2.3666666666666667,0,4,0,1,0,0,0,0
72,2.4,0,2,0,2,0,0,0,0
73,2.433333333333333,0,4,1,0,0,0,0,0
74,2.466666666666667,0,3,1,0,0,0,0,0
75,2.5,0,3,1,1,0,0,0,0
76,2.533333333333333,0,2,1,0,0,0,0,0
77,2.5666666666666664,0,2,1,0,0,0,0,0
78,2.6,1,3,1,0,0,0,0,0
79,2.6333333333333333,0,0,0,0,0,0,0,0
80,2.6666666666666665,1,1,1,0,0,0,0,0
81,2.7,0,3,1,0,0,0,0,0
82,2.7333333333333334,0,1,0,2,0,0,0,0
83,2.7666666666666666,0,2,1,0,0,0,0,0
84,2.8,0,1,0,2,0,0,0,0
85,2.8333333333333335,0,0,2,1,0,0,0,0
86,2.8666666666666667,0,1,1,0,0,0,0,0
87,2.9,0,1,1,1,0,0,0,0
88,2.933333333333333,0,1,0,1,0,0,0,0
89,2.966666666666667,1,1,0,2,0,0,0,0
90,3.0,1,0,0,0,0,0,0,0
91,3.033333333333333,0,3,1,1,0,0,0,0
92,3.0666666666666664,0,2,1,0,0,0,0,0
93,3.1,1,3,1,1,0,0,0,0
94,3.1333333333333333,0,2,0,1,0,0,0,0
95,3.1666666666666665,0,4,0,1,0,0,0,0
96,3.2,2,2,0,0,0,0,0,0
97,3.2333333333333334,0,3,0,1,0,0,0,0
98,3.2666666666666666,0,1,0,2,0,0,0,0
99,3.3,0,2,1,0,0,0,0,0
100,3.3333333333333335,0,2,1,0,0,0,0,0
101,3.3666666666666667,0,0,0,0,0,0,0,0
102,3.4,0,3,0,0,0,0,0,0
103,3.433333333333333,0,3,0,2,0,0,0,0
104,3.466666666666667,0,1,0,1,0,0,0,0
105,3.5,0,1,0,1,0,0,0,0
106,3.533333333333333,0,2,0,2,0,0,0,0
107,3.5666666666666664,0,1,0,1,0,0,0,0
108,3.6,0,3,0,1,0,0,0,0
109,3.6333333333333333,0,4,1,1,0,0,0,0
110,3.6666666666666665,0,4,0,1,0,0,0,0
111,3.6999999999999997,0,3,0,2,0,0,0,0
112,3.7333333333333334,0,0,0,0,0,0,0,0
113,3.7666666666666666,1,0,0,0,0,0,0,0
114,3.8,0,4,2,0,0,0,0,0
115,3.8333333333333335,0,3,0,1,0,0,0,0
116,3.8666666666666667,0,3,1,1,0,0,0,0
117,3.9,0,3,1,0,0,0,0,0
118,3.933333333333333,0,2,2,1,0,0,0,0
119,3.966666666666667,1,2,1,1,0,0,0,0
120,4.0,0,2,0,1,0,0,0,0
121,4.033333333333333,0,2,2,1,0,0,0,0
122,4.066666666666666,1,4,1,1,0,0,0,0
123,4.1,1,3,2,1,0,0,0,0
124,4.133333333333333,0,0,0,0,0,0,0,0
125,4.166666666666667,1,3,2,1,0,0,0,0
126,4.2,1,2,1,1,0,0,0,0
127,4.233333333333333,1,4,2,1,0,0,0,0
128,4.266666666666667,2,4,1,1,0,0,0,0
129,4.3,1,3,1,1,0,0,0,0
130,4.333333333333333,1,5,1,1,0,0,0,0
131,4.366666666666666,2,4,1,1,0,0,0,0
132,4.4,4,4,1,1,0,0,0,0
133,4.433333333333334,1,3,1,1,0,0,0,0
134,4.466666666666667,4,3,1,1,0,0,0,0
135,4.5,0,0,0,0,0,0,0,0
136,4.533333333333333,2,3,2,2,0,0,0,0
137,4.566666666666666,1,4,1,1,0,0,0,0
138,4.6,4,4,1,1,0,0,0,0
139,4.633333333333333,0,3,1,1,0,0,0,0
140,4.666666666666667,0,3,0,2,0,0,0,0
141,4.7,1,3,1,2,0,0,0,0
142,4.733333333333333,2,3,1,2,0,0,0,0
143,4.766666666666667,5,3,1,1,0,0,0,0
144,4.8,3,4,1,1,0,0,0,0
145,4.833333333333333,5,4,1,1,0,0,0,0
146,4.866666666666666,0,0,0,0,0,0,0,0
147,4.9,4,4,0,2,0,0,0,0
148,4.933333333333334,4,3,0,2,0,0,0,0
149,4.966666666666667,4,4,0,3,0,0,0,0
150,5.0,4,4,1,1,0,0,0,0
151,5.033333333333333,5,3,1,1,0,0,0,0
152,5.066666666666666,5,4,1,1,0,0,0,0
153,5.1,3,3,0,2,0,0,0,0
154,5.133333333333333,4,3,0,2,0,0,0,0
155,5.166666666666667,4,4,0,3,0,0,0,0
156,5.2,4,3,0,2,0,0,0,0
157,5.233333333333333,0,0,0,0,0,0,0,0
158,5.266666666666667,3,3,0,3,0,0,0,0
159,5.3,4,3,0,2,0,0,0,0
160,5.333333333333333,4,3,0,2,0,0,0,0
161,5.366666666666666,5,3,0,2,0,0,0,0
162,5.4,4,3,0,2,0,0,0,0
163,5.433333333333334,3,3,0,2,0,0,0,0
164,5.466666666666667,4,3,0,1,0,0,0,1
165,5.5,4,2,0,1,0,0,0,0
166,5.533333333333333,3,2,0,1,0,0,0,0
167,5.566666666666666,2,2,0,2,0,0,0,0
168,5.6,0,0,0,0,0,0,0,0
169,5.633333333333333,3,3,0,2,0,0,0,1
170,5.666666666666667,4,2,0,2,0,0,0,1
171,5.7,4,2,0,2,0,0,0,0
172,5.733333333333333,4,2,0,1,0,0,0,1
173,5.766666666666667,3,2,0,2,0,0,0,1
174,5.8,3,2,0,2,0,0,0,1
175,5.833333333333333,4,2,1,1,0,0,0,1
176,5.866666666666666,3,2,0,1,0,0,0,1
177,5.9,4,2,0,1,0,0,0,1
178,5.933333333333334,4,3,0,1,0,0,0,1
179,5.966666666666667,0,0,0,0,0,0,0,0
180,6.0,3,3,0,1,0,0,0,1
181,6.033333333333333,4,4,0,2,0,0,0,1
182,6.066666666666666,3,4,0,1,0,0,0,1
183,6.1,2,4,0,2,0,0,0,1
184,6.133333333333333,4,4,0,1,0,0,0,1
185,6.166666666666667,2,2,0,2,0,0,0,1
186,6.2,3,3,0,1,0,0,0,0
187,6.233333333333333,2,2,0,2,0,0,0,0
188,6.266666666666667,3,3,0,1,0,0,0,1
189,6.3,2,3,0,1,0,0,0,1
190,6.333333333333333,0,0,0,0,0,0,0,0
191,6.366666666666666,2,2,0,1,0,0,0,1
192,6.4,1,3,0,1,0,0,0,0
193,6.433333333333334,2,3,0,1,0,0,0,1
194,6.466666666666667,2,3,0,2,0,0,0,1
195,6.5,3,4,0,1,0,0,0,0
196,6.533333333333333,3,3,0,1,0,0,0,1
197,6.566666666666666,3,3,1,1,0,0,0,1
198,6.6,3,3,1,1,0,0,0,1
199,6.633333333333333,3,5,1,2,0,0,0,1
200,6.666666666666667,3,3,0,2,0,0,0,1
201,6.7,1,0,0,0,0,0,0,0
202,6.733333333333333,3,4,2,1,0,0,0,1
203,6.766666666666667,3,2,1,1,0,0,0,1
204,6.8,3,3,2,1,0,0,0,1
205,6.833333333333333,3,3,1,3,0,0,0,1
206,6.866666666666666,3,3,1,2,0,0,0,0
207,6.8999999999999995,4,3,0,2,0,0,0,0
208,6.933333333333334,5,3,0,2,0,0,0,0
209,6.966666666666667,5,4,1,1,0,0,0,0
210,7.0,5,4,1,1,0,0,0,0
211,7.033333333333333,5,4,0,2,0,0,0,0
212,7.066666666666666,0,0,0,0,0,0,0,0
213,7.1,4,4,1,2,0,0,0,0
214,7.133333333333333,5,3,3,1,0,0,0,0
215,7.166666666666667,4,3,2,3,0,0,0,0
216,7.2,4,3,2,3,0,0,0,1
217,7.233333333333333,4,3,1,3,0,0,0,1
218,7.266666666666667,5,4,2,2,0,0,0,1
219,7.3,5,4,2,1,0,0,0,1
220,7.333333333333333,5,4,2,2,0,0,0,1
221,7.366666666666666,5,3,1,1,0,0,0,0
222,7.3999999999999995,5,3,1,2,0,0,0,1
223,7.433333333333334,0,0,0,0,0,0,0,0
224,7.466666666666667,1,0,0,0,0,0,0,0
225,7.5,5,4,1,1,0,0,0,1
226,7.533333333333333,5,4,1,2,0,0,0,1
227,7.566666666666666,4,4,3,1,0,0,0,1
228,7.6,3,4,2,2,0,0,0,1
229,7.633333333333333,4,4,1,2,0,0,0,1
230,7.666666666666667,4,4,1,2,0,0,0,1
231,7.7,4,4,1,2,0,0,0,0
232,7.733333333333333,3,3,2,3,0,0,0,0
233,7.766666666666667,3,4,2,2,0,0,0,1
234,7.8,4,3,2,3,0,0,0,0
235,7.833333333333333,0,0,0,0,0,0,0,0
236,7.866666666666666,3,4,2,2,0,0,0,1
237,7.8999999999999995,3,4,2,2,0,0,0,1
238,7.933333333333334,4,4,2,2,0,0,0,1
239,7.966666666666667,3,5,2,2,0,0,0,1
240,8.0,3,4,3,2,0,0,0,1
241,8.033333333333333,3,4,2,2,0,0,0,1
242,8.066666666666666,3,3,1,2,0,1,0,1
243,8.1,4,3,1,2,0,0,0,0
244,8.133333333333333,3,2,1,2,0,0,0,1
245,8.166666666666666,5,3,1,1,0,0,0,0
246,8.2,0,0,0,0,0,0,0,0
247,8.233333333333333,3,3,1,1,0,0,0,0
248,8.266666666666666,3,3,1,1,0,0,0,0
249,8.3,4,3,0,1,0,0,0,0
250,8.333333333333334,4,3,0,1,0,0,0,1
251,8.366666666666667,3,2,1,1,0,0,0,0
252,8.4,3,3,1,1,0,0,0,1
253,8.433333333333334,4,3,0,1,0,0,0,1
254,8.466666666666667,3,2,1,1,0,0,0,0
255,8.5,3,2,1,1,0,0,0,1
256,8.533333333333333,5,1,0,1,0,0,0,1
257,8.566666666666666,0,0,0,0,0,0,0,0
258,8.6,3,2,1,1,0,0,0,1
259,8.633333333333333,0,0,0,0,0,0,0,0
260,8.666666666666666,1,0,0,0,0,0,0,0
261,8.7,0,0,0,0,0,0,0,0
262,8.733333333333333,0,0,0,0,0,0,0,0
263,8.766666666666666,0,0,0,0,0,0,0,0
264,8.8,0,0,0,0,0,0,0,0
265,8.833333333333334,1,0,0,0,0,0,0,0
266,8.866666666666667,0,0,0,0,0,0,0,0
267,8.9,1,0,0,0,0,0,0,0
268,8.933333333333334,0,0,0,0,0,0,0,0
269,8.966666666666667,0,0,0,0,0,0,0,0
270,9.0,1,0,0,0,0,0,0,0
271,9.033333333333333,2,0,0,0,0,0,0,0
272,9.066666666666666,1,0,0,0,0,0,0,0
273,9.1,0,0,0,0,0,0,0,0
274,9.133333333333333,0,0,0,0,0,0,0,0
275,9.166666666666666,1,0,0,0,0,0,0,0
276,9.2,0,0,0,0,0,0,0,0
277,9.233333333333333,1,0,0,0,0,0,0,0
278,9.266666666666666,0,0,0,0,0,0,0,0
279,9.3,0,0,0,0,0,0,0,0
280,9.333333333333334,1,0,0,0,0,0,0,0
281,9.366666666666667,1,0,0,0,0,0,0,0
282,9.4,1,0,0,0,0,0,0,0
283,9.433333333333334,1,0,0,0,0,0,0,0
284,9.466666666666667,1,0,0,0,0,0,0,0
285,9.5,0,0,0,0,0,0,0,0
286,9.533333333333333,1,0,0,0,0,0,0,0
287,9.566666666666666,0,0,0,0,0,0,0,0
288,9.6,0,0,0,0,0,0,0,0
289,9.633333333333333,0,0,0,0,0,0,0,0
290,9.666666666666666,1,0,0,0,0,0,0,0
291,9.7,0,0,0,0,0,0,0,0
292,9.733333333333333,0,0,0,0,0,0,0,0
293,9.766666666666666,0,0,0,0,0,0,0,0
294,9.8,0,0,0,0,0,0,0,0
295,9.833333333333334,0,0,0,0,0,0,0,0
296,9.866666666666667,0,0,0,0,0,0,0,0
297,9.9,0,0,0,0,0,0,0,0
298,9.933333333333334,0,0,0,0,0,0,0,0
299,9.966666666666667,1,0,0,0,0,0,0,0
300,10.0,0,0,0,0,0,0,0,0
301,10.033333333333333,1,0,0,0,0,0,0,0
302,10.066666666666666,1,0,0,0,0,0,0,0
303,10.1,0,0,0,0,0,0,0,0
304,10.133333333333333,0,0,0,0,0,0,0,0
305,10.166666666666666,1,0,0,0,0,0,0,0
306,10.2,0,0,0,0,0,0,0,0
307,10.233333333333333,1,0,0,0,0,0,0,0
308,10.266666666666666,0,0,0,0,0,0,0,0
309,10.3,1,0,0,0,0,0,0,0
310,10.333333333333334,0,0,0,0,0,0,0,0
311,10.366666666666667,1,0,0,0,0,0,0,0
312,10.4,0,0,0,0,0,0,0,0
313,10.433333333333334,1,0,0,0,0,0,0,0
314,10.466666666666667,1,0,0,0,0,0,0,0
315,10.5,0,0,0,0,0,0,0,0
316,10.533333333333333,0,0,0,0,0,0,0,0
317,10.566666666666666,1,0,0,0,0,0,0,0
318,10.6,0,0,0,0,0,0,0,0
319,10.633333333333333,1,0,0,0,0,0,0,0
320,10.666666666666666,0,0,0,0,0,0,0,0
321,10.7,1,0,0,0,0,0,0,0
322,10.733333333333333,1,0,0,0,0,0,0,0
323,10.766666666666666,0,0,0,0,0,0,0,0
324,10.8,0,0,0,0,0,0,0,0
325,10.833333333333334,0,0,0,0,0,0,0,0
326,10.866666666666667,0,0,0,0,0,0,0,0
327,10.9,0,0,0,0,0,0,0,0
328,10.933333333333334,1,0,0,0,0,0,0,0
329,10.966666666666667,1,0,0,0,0,0,0,0
330,11.0,0,0,0,0,0,0,0,0
331,11.033333333333333,1,0,0,0,0,0,0,0
332,11.066666666666666,1,0,0,0,0,0,0,0
333,11.1,2,0,0,0,0,0,0,0
334,11.133333333333333,2,0,0,1,0,0,0,0
335,11.166666666666666,1,0,0,1,0,0,0,0
336,11.2,2,0,0,1,0,0,0,0
337,11.233333333333333,1,0,0,1,0,0,0,0
338,11.266666666666666,2,0,0,1,0,0,0,0
339,11.3,1,0,0,1,0,0,0,0
340,11.333333333333334,3,0,0,1,0,0,0,0
341,11.366666666666667,2,0,0,1,0,0,0,0
342,11.4,3,0,0,1,0,0,0,0
343,11.433333333333334,2,0,0,1,0,0,0,0
344,11.466666666666667,1,0,0,0,0,0,0,0
345,11.5,2,0,0,1,0,0,0,0
346,11.533333333333333,1,0,0,1,0,0,0,0
347,11.566666666666666,1,1,0,1,0,0,0,0
348,11.6,1,0,0,1,0,0,0,0
349,11.633333333333333,1,0,0,1,0,0,0,0
350,11.666666666666666,1,0,0,1,0,0,0,0
351,11.7,3,0,0,1,0,0,0,0
352,11.733333333333333,2,0,0,1,0,0,0,0
353,11.766666666666666,2,0,0,1,0,0,0,0
354,11.8,1,0,0,1,0,0,0,0
355,11.833333333333334,2,0,0,0,0,0,0,0
356,11.866666666666667,2,0,0,1,0,0,0,0
357,11.9,1,0,0,1,0,0,0,0
358,11.933333333333334,1,0,0,1,0,0,0,0
359,11.966666666666667,2,0,0,1,0,0,0,0
360,12.0,1,0,0,1,0,0,0,0
361,12.033333333333333,1,1,0,1,0,0,0,0
362,12.066666666666666,1,1,0,1,0,0,0,0
363,12.1,1,0,0,1,0,0,0,0
364,12.133333333333333,1,0,0,1,0,0,0,0
365,12.166666666666666,1,0,0,1,0,0,0,0
366,12.2,2,0,0,0,0,0,0,0
367,12.233333333333333,1,0,0,1,0,0,0,0
368,12.266666666666666,1,2,0,1,0,0,0,0
369,12.3,1,0,0,1,0,0,0,0
370,12.333333333333334,1,0,0,1,0,0,0,0
371,12.366666666666667,1,2,0,1,0,0,0,0
372,12.4,1,0,0,1,0,0,0,0
373,12.433333333333334,1,0,0,1,0,0,0,0
374,12.466666666666667,1,0,0,1,0,0,0,0
375,12.5,1,0,0,1,0,0,0,0
376,12.533333333333333,1,0,0,1,0,0,0,0
377,12.566666666666666,2,0,0,0,0,0,0,0
378,12.6,1,1,0,1,0,0,0,0
379,12.633333333333333,1,1,0,1,0,0,0,0
380,12.666666666666666,1,0,0,1,0,0,0,0
381,12.7,1,0,0,1,0,0,0,0
382,12.733333333333333,1,0,0,1,0,0,0,0
383,12.766666666666666,1,1,0,1,0,0,0,0
384,12.8,1,0,0,1,0,0,0,0
385,12.833333333333334,1,0,0,1,0,0,0,0
386,12.866666666666667,1,1,0,1,0,0,0,0
387,12.9,1,0,0,1,0,0,0,0
388,12.933333333333334,2,0,0,0,0,0,0,0
389,12.966666666666667,1,0,0,1,0,0,0,0
390,13.0,1,0,0,1,0,0,0,0
391,13.033333333333333,1,1,0,0,0,0,0,0
392,13.066666666666666,1,0,0,0,0,0,0,0
393,13.1,1,0,0,0,0,0,0,0
394,13.133333333333333,1,1,0,0,0,0,0,0
395,13.166666666666666,1,2,0,1,0,0,0,0
396,13.2,1,1,0,1,0,0,0,0
397,13.233333333333333,1,1,0,1,0,0,0,0
398,13.266666666666666,2,1,0,1,0,0,0,0
399,13.299999999999999,2,0,0,0,0,0,0,0
400,13.333333333333334,2,1,0,1,0,0,0,0
401,13.366666666666667,2,0,0,1,0,0,0,0
402,13.4,2,0,0,1,0,0,0,0
403,13.433333333333334,2,1,0,1,0,0,0,0
404,13.466666666666667,2,1,0,1,0,0,0,0
405,13.5,2,1,0,1,0,0,0,0
406,13.533333333333333,3,2,0,0,0,0,0,0
407,13.566666666666666,3,1,0,1,0,0,0,0
408,13.6,3,1,0,1,0,0,0,0
409,13.633333333333333,3,0,0,1,0,0,0,0
410,13.666666666666666,2,0,0,0,0,0,0,0
411,13.7,3,1,0,1,0,0,0,0
412,13.733333333333333,3,2,0,1,0,0,0,0
413,13.766666666666666,3,2,0,1,0,0,0,0
414,13.799999999999999,3,3,0,1,0,0,0,0
415,13.833333333333334,3,3,0,0,0,0,0,0
416,13.866666666666667,3,2,0,1,0,0,0,0
417,13.9,3,1,0,1,0,0,0,0
418,13.933333333333334,3,1,0,1,0,0,0,0
419,13.966666666666667,3,2,0,0,0,0,0,0
420,14.0,3,2,0,1,0,0,0,0
421,14.033333333333333,2,0,0,0,0,0,0,0
422,14.066666666666666,3,2,0,1,0,0,0,0
423,14.1,3,2,0,1,0,0,0,0
424,14.133333333333333,3,2,0,0,0,0,0,0
425,14.166666666666666,3,1,0,1,0,0,0,0
426,14.2,3,2,0,1,0,0,0,0
427,14.233333333333333,3,4,0,0,0,0,0,0
428,14.266666666666666,3,2,0,1,0,0,0,0
429,14.299999999999999,3,2,0,0,0,0,0,0
430,14.333333333333334,3,2,0,0,0,0,0,0
431,14.366666666666667,3,3,0,0,0,0,0,0
432,14.4,1,0,0,0,0,0,0,0
433,14.433333333333334,4,2,0,1,0,0,0,0
434,14.466666666666667,3,3,0,1,0,0,0,0
435,14.5,4,1,0,1,0,0,0,0
436,14.533333333333333,2,1,0,1,0,0,0,0
437,14.566666666666666,2,2,0,1,0,0,0,0
438,14.6,2,2,0,1,0,0,0,0
439,14.633333333333333,3,2,0,0,0,0,0,0
440,14.666666666666666,3,1,0,0,0,0,0,0
441,14.7,2,2,0,1,0,0,0,0
442,14.733333333333333,3,3,0,0,0,0,0,0
443,14.766666666666666,1,0,0,0,0,0,0,0
444,14.799999999999999,1,0,0,0,0,0,0,0
445,14.833333333333334,3,2,0,1,0,0,0,0
446,14.866666666666667,4,3,0,0,0,0,0,0
447,14.9,3,1,0,1,0,0,0,0
448,14.933333333333334,3,1,0,1,0,0,0,0
449,14.966666666666667,4,2,0,1,0,0,0,0
450,15.0,3,3,1,1,0,0,0,0
451,15.033333333333333,4,1,0,1,0,0,0,0
452,15.066666666666666,6,2,0,0,0,0,0,0
453,15.1,6,2,0,1,0,0,0,0
454,15.133333333333333,6,3,0,0,0,0,0,0
455,15.166666666666666,1,0,0,0,0,0,0,0
456,15.2,7,3,0,0,0,0,0,0
457,15.233333333333333,6,2,0,1,0,0,0,0
458,15.266666666666666,8,2,0,0,0,0,0,0
459,15.299999999999999,8,1,0,0,0,0,0,0
460,15.333333333333334,8,2,0,0,0,0,0,0
461,15.366666666666667,7,3,0,1,0,0,0,0
462,15.4,8,1,1,1,0,0,0,0
463,15.433333333333334,5,2,1,1,0,0,0,0
464,15.466666666666667,5,3,0,0,0,0,0,0
465,15.5,6,2,0,1,0,0,0,0
466,15.533333333333333,1,0,0,0,0,0,0,0
467,15.566666666666666,5,2,0,1,0,0,0,0
468,15.6,4,1,0,2,0,0,0,0
469,15.633333333333333,5,3,0,0,0,0,0,0
470,15.666666666666666,6,3,0,0,0,0,0,0
471,15.7,4,3,0,0,0,0,0,0
472,15.733333333333333,4,2,0,1,0,0,0,0
473,15.766666666666666,4,2,0,1,0,0,0,0
474,15.799999999999999,5,2,0,1,0,0,0,0
475,15.833333333333334,4,2,0,0,0,0,0,1
476,15.866666666666667,4,1,0,0,0,0,0,0
477,15.9,1,0,0,0,0,0,0,0
478,15.933333333333334,5,2,0,0,0,1,0,0
479,15.966666666666667,3,2,0,0,0,0,0,0
480,16.0,6,2,0,0,0,0,0,0
481,16.03333333333333,5,2,0,0,0,0,0,0
482,16.066666666666666,4,3,0,0,0,0,0,0
483,16.1,6,2,1,0,0,0,0,0
484,16.133333333333333,6,2,0,0,0,0,0,0
485,16.166666666666668,5,1,0,0,0,0,0,0
486,16.2,4,2,1,0,0,0,0,0
487,16.233333333333334,3,1,0,0,0,0,0,0
488,16.266666666666666,1,0,0,0,0,0,0,0
489,16.3,4,2,0,0,0,0,0,0
490,16.333333333333332,4,1,0,0,0,1,0,0
491,16.366666666666667,4,2,0,0,0,0,0,0
492,16.4,3,0,0,0,0,0,0,0
493,16.433333333333334,3,1,0,0,0,0,0,0
494,16.466666666666665,3,1,0,0,0,0,0,0
495,16.5,4,0,0,0,0,0,0,0
496,16.53333333333333,5,1,0,0,0,0,0,0
497,16.566666666666666,4,1,0,0,0,0,0,0
498,16.6,4,1,0,0,0,0,0,0
499,16.633333333333333,1,0,0,0,0,0,0,0
500,16.666666666666668,6,1,0,0,0,0,0,0
501,16.7,5,0,0,0,0,0,0,0
502,16.733333333333334,4,0,0,0,0,0,0,0
503,16.766666666666666,5,0,0,0,0,0,0,0
504,16.8,4,0,0,0,0,0,0,0
505,16.833333333333332,4,0,0,0,0,0,0,0
506,16.866666666666667,6,0,0,0,0,0,0,0
507,16.9,6,0,0,0,0,0,0,0
508,16.933333333333334,4,0,0,0,0,0,0,0
509,16.966666666666665,3,0,0,0,1,0,0,0
510,17.0,1,0,0,0,0,0,0,0
511,17.03333333333333,4,1,0,0,0,0,0,0
512,17.066666666666666,4,0,0,0,0,0,0,1
513,17.1,4,0,0,0,0,0,0,1
514,17.133333333333333,6,0,0,0,0,0,0,1
515,17.166666666666668,5,0,0,0,0,0,0,0
516,17.2,5,1,0,0,0,0,0,1
517,17.233333333333334,4,2,0,0,0,1,0,1
518,17.266666666666666,5,1,0,0,0,1,0,1
519,17.3,6,0,0,0,0,0,0,1
520,17.333333333333332,6,3,0,0,1,0,0,1
521,17.366666666666667,1,0,0,0,0,0,0,0
522,17.4,5,2,0,0,1,0,0,2
523,17.433333333333334,4,1,0,0,1,0,0,1
524,17.466666666666665,5,1,0,0,0,0,0,0
525,17.5,5,1,0,0,0,0,0,0
526,17.53333333333333,4,1,0,0,0,0,0,0
527,17.566666666666666,4,1,0,0,1,0,0,1
528,17.6,5,0,0,1,1,0,0,1
529,17.633333333333333,5,0,0,0,1,0,0,0
530,17.666666666666668,4,0,0,1,1,0,0,2
531,17.7,4,0,0,0,1,0,0,1
532,17.733333333333334,1,0,0,0,0,0,0,0
533,17.766666666666666,4,0,0,1,1,0,0,1
534,17.8,5,0,0,1,1,0,0,0
535,17.833333333333332,4,0,0,1,1,0,0,1
536,17.866666666666667,6,0,0,0,0,0,0,0
537,17.9,6,0,0,0,1,0,0,0
538,17.933333333333334,6,1,0,0,1,0,0,0
539,17.966666666666665,4,0,0,0,1,0,0,0
540,18.0,5,0,0,1,0,0,0,0
541,18.03333333333333,3,1,0,0,1,0,0,0
542,18.066666666666666,2,0,0,0,1,0,0,0
543,18.1,1,0,0,0,0,0,0,0
544,18.133333333333333,2,0,0,1,1,0,0,0
545,18.166666666666668,2,2,0,1,1,0,0,1
546,18.2,2,0,0,2,1,0,0,0
547,18.233333333333334,2,0,0,1,1,0,0,1
548,18.266666666666666,2,0,0,1,1,0,0,0
549,18.3,2,0,0,1,1,0,0,0
550,18.333333333333332,2,0,0,1,1,0,0,0
551,18.366666666666667,2,0,0,1,1,0,0,0
552,18.4,3,0,0,0,1,0,0,0
553,18.433333333333334,2,0,0,1,1,0,0,0
554,18.466666666666665,1,0,0,0,0,0,0,0
555,18.5,1,0,0,0,0,0,0,0
556,18.53333333333333,2,0,0,1,1,0,0,0
557,18.566666666666666,3,0,0,1,1,0,0,1
558,18.6,3,0,0,1,0,0,0,1
559,18.633333333333333,3,0,0,1,1,0,0,0
560,18.666666666666668,2,0,0,1,1,0,0,0
561,18.7,2,0,0,1,1,0,0,0
562,18.733333333333334,2,0,0,1,1,0,0,0
563,18.766666666666666,3,0,0,1,1,0,0,0
564,18.8,3,0,0,1,0,0,0,0
565,18.833333333333332,3,0,0,1,0,0,0,1
566,18.866666666666667,1,0,0,0,0,0,0,0
567,18.9,2,0,0,1,1,0,0,1
568,18.933333333333334,2,0,0,1,1,0,0,1
569,18.966666666666665,3,0,0,1,1,0,0,1
570,19.0,2,1,0,1,1,0,0,1
571,19.03333333333333,2,1,0,1,1,0,0,1
572,19.066666666666666,2,0,0,1,1,0,0,0
573,19.1,4,0,0,1,0,0,0,1
574,19.133333333333333,3,1,0,1,0,0,0,1
575,19.166666666666668,3,0,0,1,1,0,0,0
576,19.2,3,0,0,1,0,0,0,1
577,19.233333333333334,2,0,0,0,0,0,0,0
578,19.266666666666666,2,0,0,1,1,0,0,0
579,19.3,3,0,0,1,1,0,0,0
580,19.333333333333332,2,0,0,1,1,0,0,1
581,19.366666666666667,3,0,0,1,1,0,0,1
582,19.4,4,0,0,1,1,0,0,0
583,19.433333333333334,3,0,0,1,1,0,0,0
584,19.466666666666665,4,0,0,1,0,0,0,0
585,19.5,3,0,0,1,0,0,0,1
586,19.53333333333333,5,0,0,2,0,0,0,0
587,19.566666666666666,6,0,0,0,0,0,0,1
588,19.6,1,0,0,0,0,0,0,0
589,19.633333333333333,5,0,0,1,0,0,0,0
590,19.666666666666668,5,0,0,1,0,0,0,0
591,19.7,7,0,0,0,0,0,0,0
592,19.733333333333334,4,0,0,1,1,0,0,1
593,19.766666666666666,5,0,0,0,1,0,0,1
594,19.8,5,0,0,1,1,0,0,1
595,19.833333333333332,6,0,0,0,1,0,0,1
596,19.866666666666667,5,2,0,1,0,0,0,1
597,19.9,5,2,0,0,0,0,0,1
598,19.933333333333334,5,2,0,0,0,0,0,1
599,19.966666666666665,1,0,0,0,0,0,0,0
600,20.0,5,2,0,0,0,0,0,1
601,20.03333333333333,4,2,0,0,1,0,0,0
602,20.066666666666666,4,2,0,1,0,0,0,1
603,20.1,3,2,0,0,1,0,0,0
604,20.133333333333333,3,1,0,0,1,0,0,1
605,20.166666666666668,3,2,0,0,1,0,0,0
606,20.2,4,1,0,0,1,0,0,1
607,20.233333333333334,4,3,0,0,1,0,0,1
608,20.266666666666666,5,4,0,0,1,0,0,0
609,20.3,4,3,0,0,0,0,0,1
610,20.333333333333332,1,0,0,0,0,0,0,0
611,20.366666666666667,4,3,0,0,1,0,0,1
612,20.4,3,3,0,0,1,0,0,1
613,20.433333333333334,3,2,0,0,1,0,0,1
614,20.466666666666665,4,4,0,0,1,0,0,1
615,20.5,4,4,0,0,0,0,0,0
616,20.53333333333333,5,2,0,0,1,0,0,1
617,20.566666666666666,3,2,0,0,1,0,0,0
618,20.6,5,2,0,0,1,0,0,0
619,20.633333333333333,5,2,0,0,0,0,0,1
620,20.666666666666668,4,1,0,0,1,0,0,0
621,20.7,1,0,0,0,0,0,0,0
622,20.733333333333334,7,1,0,0,1,0,0,1
623,20.766666666666666,1,0,0,0,0,0,0,0
624,20.8,1,0,0,0,0,0,0,0
625,20.833333333333332,1,0,0,0,0,0,0,0
626,20.866666666666667,1,0,0,0,0,0,0,0
627,20.9,1,0,0,0,0,0,0,0
628,20.933333333333334,1,0,0,0,0,0,0,0
629,20.966666666666665,1,0,0,0,0,0,0,0
630,21.0,1,0,0,0,0,0,0,0
631,21.03333333333333,1,0,0,0,0,0,0,0
632,21.066666666666666,1,0,0,0,0,0,0,0
633,21.1,1,0,0,0,0,0,0,0
634,21.133333333333333,1,0,0,0,0,0,0,0
635,21.166666666666668,2,0,0,0,0,0,0,0
636,21.2,1,0,0,0,0,0,0,0
637,21.233333333333334,1,0,0,0,0,0,0,0
638,21.266666666666666,1,0,0,0,0,0,0,0
639,21.3,1,0,0,0,0,0,0,0
640,21.333333333333332,1,0,0,0,0,0,0,0
641,21.366666666666667,1,0,0,0,0,0,0,0
642,21.4,1,0,0,0,0,0,0,0
643,21.433333333333334,1,0,0,0,0,0,0,0
644,21.466666666666665,1,0,0,0,0,0,0,0
645,21.5,1,0,0,0,0,0,0,0
646,21.53333333333333,1,0,0,0,0,0,0,0
647,21.566666666666666,1,0,0,0,0,0,0,0
648,21.6,1,0,0,0,0,0,0,0
649,21.633333333333333,1,0,0,0,0,0,0,0
650,21.666666666666668,1,0,0,0,0,0,0,0
651,21.7,1,0,0,0,0,0,0,0
652,21.733333333333334,1,0,0,0,0,0,0,0
653,21.766666666666666,1,0,0,0,0,0,0,0
654,21.8,2,0,0,0,0,0,0,0
655,21.833333333333332,1,0,0,0,0,0,0,0
656,21.866666666666667,1,0,0,0,0,0,0,0
657,21.9,1,0,0,0,0,0,0,0
658,21.933333333333334,1,0,0,0,0,0,0,0
659,21.966666666666665,1,0,0,0,0,0,0,0
660,22.0,1,0,0,0,0,0,0,0
661,22.03333333333333,1,0,0,0,0,0,0,0
662,22.066666666666666,1,0,0,0,0,0,0,0
663,22.1,1,0,0,0,0,0,0,0
664,22.133333333333333,1,0,0,0,0,0,0,0
665,22.166666666666668,1,1,0,0,0,0,0,0
666,22.2,1,1,0,0,0,0,0,0
667,22.233333333333334,1,0,0,0,0,0,0,0
668,22.266666666666666,1,0,0,0,0,0,0,0
669,22.3,1,0,0,0,0,0,0,0
670,22.333333333333332,1,0,0,0,0,0,0,0
671,22.366666666666667,1,0,0,0,0,0,0,0
672,22.4,1,0,0,0,0,0,0,0
673,22.433333333333334,1,0,0,0,0,0,0,0
674,22.466666666666665,1,0,0,0,0,0,0,0
675,22.5,1,0,0,0,0,0,0,0
676,22.53333333333333,1,0,0,0,0,0,0,0
677,22.566666666666666,1,0,0,0,0,0,0,0
678,22.6,1,0,0,0,0,0,0,0
679,22.633333333333333,1,0,0,0,0,0,0,0
680,22.666666666666668,1,0,0,0,0,0,0,0
681,22.7,1,0,0,0,0,0,0,0
682,22.733333333333334,2,1,0,1,0,0,0,0
683,22.766666666666666,3,1,0,1,0,0,0,0
684,22.8,2,1,0,1,0,0,0,0
685,22.833333333333332,2,1,0,1,0,0,0,0
686,22.866666666666667,2,1,0,1,0,0,0,0
687,22.9,1,1,0,1,0,0,0,0
688,22.933333333333334,1,1,0,1,0,0,0,0
689,22.966666666666665,1,1,0,1,0,0,0,0
690,23.0,1,1,0,1,0,0,0,0
691,23.03333333333333,2,0,0,1,0,0,0,0
692,23.066666666666666,5,0,0,0,0,0,0,0
693,23.1,3,0,0,0,0,0,0,0
694,23.133333333333333,1,0,0,0,0,0,0,0
695,23.166666666666668,3,0,0,0,0,0,0,0
696,23.2,2,0,0,0,0,0,0,0
697,23.233333333333334,2,0,0,0,0,0,0,0
698,23.266666666666666,2,0,0,0,0,0,0,0
699,23.3,2,0,0,0,0,0,0,0
700,23.333333333333332,2,0,0,0,0,0,0,0
701,23.366666666666667,3,0,0,0,0,0,0,0
702,23.4,2,0,0,0,0,0,0,0
703,23.433333333333334,1,0,0,0,0,0,0,0
704,23.466666666666665,2,0,0,0,0,0,0,0
705,23.5,1,0,0,0,0,0,0,0
706,23.53333333333333,1,0,0,0,0,0,0,0
707,23.566666666666666,1,0,0,0,0,0,0,0
708,23.6,1,0,0,0,0,0,0,0
709,23.633333333333333,1,0,0,0,0,0,0,0
710,23.666666666666668,1,1,0,0,0,0,0,0
711,23.7,1,1,0,0,0,0,0,0
712,23.733333333333334,1,0,0,0,0,0,0,0
713,23.766666666666666,2,1,0,0,0,0,0,0
714,23.8,1,1,0,0,0,0,0,0
715,23.833333333333332,1,1,0,0,0,0,0,0
716,23.866666666666667,1,0,0,0,0,0,0,0
717,23.9,1,0,0,0,0,0,0,0
718,23.933333333333334,1,0,0,0,0,0,0,0
719,23.966666666666665,1,0,0,0,0,0,0,0
720,24.0,1,0,0,0,0,0,0,0
721,24.03333333333333,2,0,0,0,0,0,0,0
722,24.066666666666666,1,0,0,0,0,0,0,0
723,24.1,2,0,0,0,0,0,0,0
724,24.133333333333333,2,0,0,0,0,0,0,0
725,24.166666666666668,1,0,0,0,0,0,0,0
726,24.2,1,0,0,1,1,0,0,0
727,24.233333333333334,1,0,0,0,0,0,0,0
728,24.266666666666666,1,0,0,0,0,0,0,0
729,24.3,1,0,0,1,1,0,0,0
730,24.333333333333332,1,0,0,1,1,0,0,0
731,24.366666666666667,1,0,0,1,1,0,0,0
732,24.4,1,0,0,1,1,0,0,0
733,24.433333333333334,1,0,0,1,1,0,0,0
734,24.466666666666665,1,0,0,1,1,0,0,0
735,24.5,1,0,0,1,1,0,0,0
736,24.53333333333333,1,0,0,1,1,0,0,0
737,24.566666666666666,1,0,0,1,1,0,0,0
738,24.6,1,0,0,0,0,0,0,0
739,24.633333333333333,1,0,0,1,1,0,0,0
740,24.666666666666668,1,1,0,1,1,0,0,0
741,24.7,1,0,0,1,1,0,0,0
742,24.733333333333334,1,1,0,1,1,0,0,0
743,24.766666666666666,1,2,0,1,1,0,0,0
744,24.8,1,1,0,1,1,0,0,0
745,24.833333333333332,1,0,0,1,1,1,0,0
746,24.866666666666667,1,0,0,0,1,0,0,0
747,24.9,1,0,0,0,1,0,0,0
748,24.933333333333334,1,0,0,0,1,0,0,0
749,24.966666666666665,1,0,0,0,0,0,0,0
750,25.0,1,0,0,0,1,0,0,0
751,25.03333333333333,1,0,0,0,1,0,0,0
752,25.066666666666666,1,0,0,0,1,0,0,0
753,25.1,1,1,0,0,1,0,0,0
754,25.133333333333333,1,2,0,0,1,0,0,0
755,25.166666666666668,1,2,0,0,1,0,0,0
756,25.2,1,1,0,1,1,0,0,0
757,25.233333333333334,2,1,0,1,0,0,0,0
758,25.266666666666666,1,1,0,1,1,0,0,0
759,25.3,1,2,0,0,0,0,0,0
760,25.333333333333332,1,0,0,0,0,0,0,0
761,25.366666666666667,1,1,0,1,0,0,0,0
762,25.4,1,1,0,1,0,0,0,0
763,25.433333333333334,1,2,0,1,0,0,0,0
764,25.466666666666665,1,1,0,1,0,0,0,0
765,25.5,1,1,0,0,0,0,0,0
766,25.53333333333333,1,1,0,0,0,0,0,0
767,25.566666666666666,1,1,0,1,0,0,0,0
768,25.6,1,1,0,0,0,0,0,0
769,25.633333333333333,1,2,0,1,0,0,0,0
770,25.666666666666668,2,1,0,0,0,0,0,0
771,25.7,1,0,0,0,0,0,0,0
772,25.733333333333334,2,1,1,0,0,0,0,0
773,25.766666666666666,2,1,0,1,0,0,0,0
774,25.8,2,2,0,1,0,0,0,0
775,25.833333333333332,2,1,0,1,0,0,0,0
776,25.866666666666667,2,1,0,1,0,0,0,0
777,25.9,3,1,0,1,0,0,0,0
778,25.933333333333334,2,2,1,2,0,0,0,0
779,25.966666666666665,3,2,1,1,0,0,0,0
780,26.0,2,1,0,2,0,0,0,0
781,26.03333333333333,2,2,0,1,0,0,0,0
782,26.066666666666666,2,0,0,0,0,0,0,0
783,26.099999999999998,2,2,0,3,0,0,0,0
784,26.133333333333333,2,2,0,2,0,0,0,0
785,26.166666666666668,2,3,1,1,0,0,0,0
786,26.2,2,1,0,1,0,0,0,0
787,26.233333333333334,3,1,0,0,0,0,0,0
788,26.266666666666666,2,0,0,1,0,0,0,0
789,26.3,2,0,0,0,0,0,0,0
790,26.333333333333332,2,0,1,2,0,0,0,0
791,26.366666666666667,2,1,0,1,0,0,0,0
792,26.4,2,1,0,2,0,0,0,0
793,26.433333333333334,1,0,0,0,0,0,0,0
794,26.466666666666665,2,0,1,2,0,0,0,0
795,26.5,2,0,1,1,0,0,0,0
796,26.53333333333333,2,2,1,0,0,0,0,0
797,26.566666666666666,1,1,0,0,0,0,0,0
798,26.599999999999998,2,2,0,0,0,0,0,0
799,26.633333333333333,2,0,0,0,0,0,0,0
800,26.666666666666668,2,1,0,0,0,0,0,0
801,26.7,1,1,0,1,0,0,0,0
802,26.733333333333334,1,0,0,0,0,0,0,0
803,26.766666666666666,1,1,0,0,0,0,0,0
804,26.8,3,0,0,0,0,0,0,0
805,26.833333333333332,1,0,0,0,0,0,0,0
806,26.866666666666667,1,0,1,1,0,0,0,0
807,26.9,1,0,0,0,0,0,0,0
808,26.933333333333334,2,2,1,0,0,0,0,0
809,26.966666666666665,1,0,0,0,0,0,0,0
810,27.0,1,2,0,1,0,0,0,0
811,27.03333333333333,1,3,2,0,0,0,0,0
812,27.066666666666666,1,3,2,0,0,0,0,0
813,27.099999999999998,1,2,2,0,0,0,0,0
814,27.133333333333333,1,4,2,0,0,0,0,0
815,27.166666666666668,1,2,1,2,0,0,0,0
816,27.2,2,0,0,0,0,0,0,0
817,27.233333333333334,1,3,1,0,0,0,0,0
818,27.266666666666666,1,3,2,0,0,0,0,0
819,27.3,1,5,2,0,0,0,0,0
820,27.333333333333332,1,3,4,0,0,0,0,0
821,27.366666666666667,1,5,1,1,0,0,0,0
822,27.4,1,5,2,1,0,0,0,0
823,27.433333333333334,1,1,0,3,0,0,0,0
824,27.466666666666665,1,2,3,1,0,0,0,0
825,27.5,2,4,1,2,0,0,0,0
826,27.53333333333333,1,3,1,1,0,0,0,0
827,27.566666666666666,1,0,0,0,0,0,0,0
828,27.599999999999998,1,4,1,0,0,0,0,0
829,27.633333333333333,1,3,1,1,0,0,0,0
830,27.666666666666668,2,3,1,1,0,0,0,0
831,27.7,2,2,1,1,0,0,0,0
832,27.733333333333334,2,3,1,0,0,0,0,0
833,27.766666666666666,2,2,1,0,0,0,0,0
834,27.8,2,3,1,0,0,0,0,0
835,27.833333333333332,2,3,1,2,0,0,0,0
836,27.866666666666667,2,2,1,0,0,0,0,0
837,27.9,2,2,0,0,0,0,0,0
838,27.933333333333334,1,0,0,0,0,0,0,0
839,27.966666666666665,1,2,0,1,0,0,0,0
840,28.0,2,2,3,0,0,0,0,0
841,28.03333333333333,2,3,3,0,0,0,0,0
842,28.066666666666666,2,2,0,1,0,0,0,0
843,28.099999999999998,3,2,1,1,0,0,0,0
844,28.133333333333333,2,4,0,1,0,0,0,0
845,28.166666666666668,3,4,1,1,0,0,0,0
846,28.2,3,3,2,0,0,0,0,0
847,28.233333333333334,3,3,0,1,0,0,0,0
848,28.266666666666666,3,3,0,3,0,0,0,0
849,28.3,1,0,0,0,0,0,0,0
850,28.333333333333332,4,2,0,2,0,0,0,0
851,28.366666666666667,5,3,0,2,0,0,0,0
852,28.4,3,4,1,1,0,0,0,0
853,28.433333333333334,5,4,2,0,0,0,0,0
854,28.466666666666665,2,3,2,0,0,0,0,0
855,28.5,3,5,4,0,0,0,0,0
856,28.53333333333333,3,4,2,1,0,0,0,0
857,28.566666666666666,4,4,3,1,0,0,0,0
858,28.599999999999998,3,4,2,2,0,0,0,0
859,28.633333333333333,3,3,2,2,0,0,0,0
860,28.666666666666668,1,0,0,0,0,0,0,0
861,28.7,3,3,2,2,0,0,0,0
862,28.733333333333334,2,2,1,1,0,0,0,0
863,28.766666666666666,3,3,3,1,0,0,0,0
864,28.8,3,4,3,0,0,0,0,0
865,28.833333333333332,3,2,3,0,0,0,0,0
866,28.866666666666667,2,2,2,0,0,0,0,0
867,28.9,3,3,3,0,0,0,0,0
868,28.933333333333334,2,2,3,0,0,0,0,0
869,28.966666666666665,3,3,4,0,0,0,0,0
870,29.0,3,3,2,0,0,0,0,0
871,29.03333333333333,1,0,0,0,0,0,0,0
872,29.066666666666666,3,3,3,1,0,0,0,0
873,29.099999999999998,2,3,3,1,0,0,0,0
874,29.133333333333333,3,3,2,0,0,0,0,0
875,29.166666666666668,4,3,4,0,0,0,0,0
876,29.2,3,2,2,0,0,0,0,0
877,29.233333333333334,3,3,2,0,1,0,0,0
878,29.266666666666666,4,3,3,0,0,0,0,0
879,29.3,3,4,2,0,0,0,0,0
880,29.333333333333332,4,4,2,0,0,0,0,1
881,29.366666666666667,3,3,3,0,0,0,0,1
882,29.4,1,0,0,0,0,0,0,0
883,29.433333333333334,2,3,3,0,0,0,0,0
884,29.466666666666665,4,2,2,0,0,0,0,1
885,29.5,3,2,3,0,0,0,0,0
886,29.53333333333333,3,3,4,0,0,0,0,1
887,29.566666666666666,3,2,3,0,0,0,0,1
888,29.599999999999998,2,1,3,0,1,0,0,0
889,29.633333333333333,3,2,2,0,0,0,0,0
890,29.666666666666668,3,3,2,0,0,0,0,1
891,29.7,3,4,1,1,0,0,0,0
892,29.733333333333334,3,3,2,0,0,0,0,1
893,29.766666666666666,1,0,0,0,0,0,0,0
894,29.8,3,2,1,1,0,0,0,0
895,29.833333333333332,3,2,3,1,0,0,0,1
896,29.866666666666667,3,4,1,2,0,0,0,1
897,29.9,3,3,0,2,0,0,0,1
898,29.933333333333334,3,3,0,2,0,0,0,0
899,29.966666666666665,3,4,1,1,0,0,0,0
900,30.0,3,4,0,2,0,0,0,0
901,30.03333333333333,4,2,0,1,0,0,0,1
902,30.066666666666666,3,3,0,1,0,0,0,1
903,30.099999999999998,3,3,0,1,0,0,0,0
904,30.133333333333333,1,0,0,0,0,0,0,0
905,30.166666666666668,3,2,2,1,0,0,0,0
906,30.2,3,2,0,1,0,0,0,1
907,30.233333333333334,3,1,0,1,0,0,0,0
908,30.266666666666666,2,2,0,1,1,0,0,1
909,30.3,3,1,0,1,0,0,0,1
910,30.333333333333332,3,1,0,1,0,0,0,1
911,30.366666666666667,3,1,0,1,0,0,0,1
912,30.4,3,1,0,1,0,0,0,1
913,30.433333333333334,3,2,0,1,0,0,0,1
914,30.466666666666665,4,2,0,2,0,0,0,1
915,30.5,1,0,0,0,0,0,0,0
916,30.53333333333333,1,0,0,0,0,0,0,0
917,30.566666666666666,4,2,0,3,0,0,0,1
918,30.599999999999998,4,1,0,2,0,0,0,1
919,30.633333333333333,3,2,0,2,0,0,0,1
920,30.666666666666668,3,1,0,3,0,0,0,1
921,30.7,4,1,0,2,0,0,0,1
922,30.733333333333334,2,1,0,1,0,0,0,1
923,30.766666666666666,3,2,0,1,0,0,0,0
924,30.8,5,2,1,1,0,0,0,0
925,30.833333333333332,4,2,2,1,0,0,0,0
926,30.866666666666667,5,1,1,1,0,0,0,1
927,30.9,2,0,0,0,0,0,0,0
928,30.933333333333334,4,2,1,1,0,0,0,1
929,30.966666666666665,4,2,1,1,0,0,0,1
930,31.0,4,3,1,1,0,0,0,1
931,31.03333333333333,4,2,2,0,0,0,0,1
932,31.066666666666666,4,3,1,1,0,0,0,1
933,31.099999999999998,5,2,1,1,0,0,0,1
934,31.133333333333333,4,2,1,1,0,0,0,1
935,31.166666666666668,5,2,1,1,0,0,0,1
936,31.2,4,2,1,1,0,0,0,1
937,31.233333333333334,4,3,1,1,0,0,0,1
938,31.266666666666666,1,0,0,0,0,0,0,0
939,31.3,4,2,1,1,0,0,0,1
940,31.333333333333332,5,2,1,1,0,0,0,1
941,31.366666666666667,5,2,1,1,0,0,0,1
942,31.4,4,2,1,1,0,0,0,0
943,31.433333333333334,5,3,0,3,0,1,0,1
944,31.466666666666665,5,2,2,1,0,0,0,1
945,31.5,6,2,1,1,0,1,0,1
946,31.53333333333333,5,2,0,1,0,0,0,1
947,31.566666666666666,5,2,0,2,0,0,0,1
948,31.599999999999998,5,2,1,1,0,0,0,1
949,31.633333333333333,1,0,0,0,0,0,0,0
950,31.666666666666668,6,2,0,2,0,0,0,1
951,31.7,1,0,0,0,0,0,0,0
952,31.733333333333334,1,0,0,0,0,0,0,0
953,31.766666666666666,1,0,0,0,0,0,0,0
954,31.8,1,0,0,0,0,0,0,0
955,31.833333333333332,1,0,0,0,0,0,0,0
956,31.866666666666667,1,0,0,0,0,0,0,0
957,31.9,2,0,0,0,0,0,0,0
958,31.933333333333334,1,0,0,0,0,0,0,0
959,31.966666666666665,2,0,0,0,0,0,0,0
960,32.0,1,0,0,0,0,0,0,0
961,32.03333333333333,1,0,0,0,0,0,0,0
962,32.06666666666666,1,0,0,0,0,0,0,0
963,32.1,1,0,0,0,0,0,0,0
964,32.13333333333333,1,0,0,0,0,0,0,0
965,32.166666666666664,1,0,0,0,0,0,0,0
966,32.2,1,1,0,0,0,0,0,0
967,32.233333333333334,1,0,0,0,0,0,0,0
968,32.266666666666666,2,0,0,0,0,0,0,0
969,32.3,1,0,0,0,0,0,0,0
970,32.333333333333336,1,0,0,0,0,0,0,0
971,32.36666666666667,1,0,0,0,0,0,0,0
972,32.4,1,0,0,0,0,0,0,0
973,32.43333333333333,1,0,0,0,0,0,0,0
974,32.46666666666667,1,0,0,0,0,0,0,0
975,32.5,1,0,0,0,0,0,0,0
976,32.53333333333333,1,0,0,0,0,0,0,0
977,32.56666666666666,1,0,0,0,0,0,0,0
978,32.6,1,0,0,0,0,0,0,0
979,32.63333333333333,2,0,0,0,0,0,0,0
980,32.666666666666664,1,0,0,0,0,0,0,0
981,32.7,1,0,0,0,0,0,0,0
982,32.733333333333334,1,0,0,0,0,0,0,0
983,32.766666666666666,1,0,0,0,0,0,0,0
984,32.8,1,0,0,0,0,0,0,0
985,32.833333333333336,1,0,0,0,0,0,0,0
986,32.86666666666667,1,0,0,0,0,0,0,0
987,32.9,1,0,0,0,0,0,0,0
988,32.93333333333333,1,0,0,0,0,0,0,0
989,32.96666666666667,2,0,0,0,0,0,0,0
990,33.0,2,0,0,0,0,0,0,0
991,33.03333333333333,2,0,0,0,0,0,0,0
992,33.06666666666666,2,0,0,0,0,0,0,0
993,33.1,2,0,0,0,0,0,0,0
994,33.13333333333333,2,0,0,0,0,0,0,0
995,33.166666666666664,2,0,0,0,0,0,0,0
996,33.2,2,0,0,0,0,0,0,0
997,33.233333333333334,2,0,0,0,0,0,0,0
998,33.266666666666666,2,0,0,0,0,0,0,0
999,33.3,2,0,0,0,0,0,0,0
1000,33.333333333333336,2,0,0,0,0,0,0,0
1001,33.36666666666667,1,0,0,0,0,0,0,0
1002,33.4,1,0,0,0,0,0,0,0
1003,33.43333333333333,2,0,0,0,0,0,0,0
1004,33.46666666666667,3,0,0,0,0,0,0,0
1005,33.5,2,0,0,0,0,0,0,0
1006,33.53333333333333,1,0,0,0,0,0,0,0
1007,33.56666666666666,1,0,0,0,0,0,0,0
1008,33.6,1,0,0,0,0,0,0,0
1009,33.63333333333333,1,0,0,0,0,0,0,0
1010,33.666666666666664,1,0,0,0,0,0,0,0
1011,33.7,2,0,0,0,0,0,0,0
1012,33.733333333333334,1,0,0,0,0,0,0,0
1013,33.766666666666666,1,0,0,0,0,0,0,0
1014,33.8,2,0,0,0,0,0,0,0
1015,33.833333333333336,2,0,0,0,0,0,0,0
1016,33.86666666666667,2,0,0,0,0,0,0,0
1017,33.9,1,0,0,0,0,0,0,0
1018,33.93333333333333,2,0,0,0,0,0,0,0
1019,33.96666666666667,2,0,0,0,0,0,0,0
1020,34.0,2,0,0,0,0,0,0,0
1021,34.03333333333333,3,0,0,0,0,0,0,0
1022,34.06666666666666,3,0,0,0,0,0,0,0
1023,34.1,1,0,0,0,0,0,0,0
1024,34.13333333333333,1,0,0,0,0,0,0,0
1025,34.166666666666664,4,0,0,0,0,0,0,0
1026,34.2,1,0,0,1,0,0,0,0
1027,34.233333333333334,1,0,0,1,0,0,0,0
1028,34.266666666666666,1,0,0,1,0,0,0,0
1029,34.3,1,0,0,1,0,0,0,0
1030,34.333333333333336,1,0,0,2,0,0,0,0
1031,34.36666666666667,1,1,0,2,0,0,0,0
1032,34.4,1,1,0,2,0,0,0,0
1033,34.43333333333333,1,0,0,2,0,0,0,0
1034,34.46666666666667,1,1,0,2,0,0,0,0
1035,34.5,1,1,0,3,0,0,0,0
1036,34.53333333333333,4,0,0,0,0,0,0,0
1037,34.56666666666666,1,1,0,3,0,0,0,0
1038,34.6,1,1,0,2,0,0,0,0
1039,34.63333333333333,1,0,0,2,0,0,0,0
1040,34.666666666666664,1,0,0,2,0,0,0,0
1041,34.7,1,0,0,2,0,0,0,0
1042,34.733333333333334,1,1,0,2,0,0,0,0
1043,34.766666666666666,1,1,0,2,0,0,0,0
1044,34.8,1,1,1,2,0,0,0,0
1045,34.833333333333336,1,1,0,2,0,0,0,0
1046,34.86666666666667,1,1,0,2,0,0,0,0
1047,34.9,3,0,0,0,0,0,0,0
1048,34.93333333333333,1,0,0,3,0,0,0,0
1049,34.96666666666667,1,0,0,2,0,0,0,0
1050,35.0,1,0,1,3,0,0,0,0
1051,35.03333333333333,2,1,0,2,0,0,0,0
1052,35.06666666666666,1,1,0,2,0,0,0,0
1053,35.1,1,0,0,3,0,0,0,0
1054,35.13333333333333,1,2,0,3,0,0,0,0
1055,35.166666666666664,1,1,0,3,0,0,0,0
1056,35.2,1,0,0,3,0,0,0,0
1057,35.233333333333334,1,1,0,3,0,0,0,0
1058,35.266666666666666,3,0,0,0,0,0,0,0
1059,35.3,1,1,0,3,0,0,0,0
1060,35.333333333333336,1,0,0,3,0,0,0,0
1061,35.36666666666667,1,0,0,3,0,0,0,0
1062,35.4,1,2,0,3,0,0,0,0
1063,35.43333333333333,1,2,0,3,0,1,0,0
1064,35.46666666666667,2,0,0,4,0,0,0,0
1065,35.5,2,0,0,4,0,0,0,0
1066,35.53333333333333,2,1,0,3,0,0,0,0
1067,35.56666666666666,1,1,0,3,0,0,0,0
1068,35.6,1,1,0,3,0,0,0,0
1069,35.63333333333333,3,0,0,0,0,0,0,0
1070,35.666666666666664,1,1,0,3,0,0,0,0
1071,35.7,1,2,0,2,0,0,0,0
1072,35.733333333333334,2,1,0,2,0,0,0,0
1073,35.766666666666666,2,2,0,2,0,0,0,0
1074,35.8,1,3,0,2,0,0,0,0
1075,35.833333333333336,2,1,0,3,0,0,0,0
1076,35.86666666666667,2,3,0,2,0,0,0,0
1077,35.9,2,4,0,2,0,0,0,0
1078,35.93333333333333,2,3,0,3,0,0,0,0
1079,35.96666666666667,1,4,0,3,0,0,0,0
1080,36.0,4,0,0,0,0,0,0,0
1081,36.03333333333333,2,2,0,2,0,0,0,0
1082,36.06666666666666,2,3,0,2,0,0,0,0
1083,36.1,2,2,0,1,0,0,0,0
1084,36.13333333333333,1,2,0,2,0,0,0,0
1085,36.166666666666664,1,2,0,3,0,0,0,0
1086,36.2,2,2,0,2,0,0,0,0
1087,36.233333333333334,2,3,1,0,0,0,0,0
1088,36.266666666666666,2,2,0,2,0,0,0,0
1089,36.3,2,3,1,0,0,0,0,0
1090,36.333333333333336,1,2,0,1,0,0,0,0
1091,36.36666666666667,3,0,0,0,0,0,0,0
1092,36.4,1,2,1,1,0,0,0,0
1093,36.43333333333333,1,1,0,1,0,0,0,0
1094,36.46666666666667,1,2,1,0,0,0,0,0
1095,36.5,1,3,0,2,0,0,0,0
1096,36.53333333333333,1,2,0,1,0,0,0,0
1097,36.56666666666666,1,2,0,0,0,0,0,0
1098,36.6,1,4,1,1,0,0,0,0
1099,36.63333333333333,2,2,0,1,0,0,0,0
1100,36.666666666666664,1,1,0,1,0,0,0,0
1101,36.7,1,3,0,2,0,0,0,0
1102,36.733333333333334,3,0,0,0,0,0,0,0
1103,36.766666666666666,1,1,1,1,0,0,0,0
1104,36.8,1,2,0,2,0,0,0,0
1105,36.833333333333336,1,2,0,2,0,0,0,0
1106,36.86666666666667,1,2,0,1,0,0,0,0
1107,36.9,1,2,0,2,0,0,0,0
1108,36.93333333333333,1,3,0,0,0,0,0,0
1109,36.96666666666667,3,2,0,1,0,1,0,0
1110,37.0,2,2,0,1,0,0,0,0
1111,37.03333333333333,1,2,0,1,0,0,0,0
1112,37.06666666666666,3,1,1,1,0,1,0,0
1113,37.1,3,0,0,0,0,0,0,0
1114,37.13333333333333,1,2,0,1,0,0,0,0
1115,37.166666666666664,1,1,0,2,0,0,0,0
1116,37.2,1,3,0,1,0,1,0,0
1117,37.233333333333334,1,2,0,1,0,0,0,0
1118,37.266666666666666,1,1,0,2,0,0,0,0
1119,37.3,1,1,0,3,0,1,0,0
1120,37.333333333333336,2,1,0,2,0,0,0,0
1121,37.36666666666667,2,1,1,2,0,0,0,0
1122,37.4,1,3,0,2,0,0,0,0
1123,37.43333333333333,2,2,0,2,0,0,0,0
1124,37.46666666666667,2,0,0,0,0,0,0,0
1125,37.5,1,2,0,3,0,0,0,0
1126,37.53333333333333,3,4,0,2,0,0,0,0
1127,37.56666666666666,2,4,0,0,0,0,0,0
1128,37.6,2,0,1,2,0,0,0,0
1129,37.63333333333333,1,3,0,2,0,0,0,0
1130,37.666666666666664,1,3,0,2,0,0,0,0
1131,37.7,2,3,1,1,0,0,0,0
1132,37.733333333333334,1,2,0,1,0,0,0,0
1133,37.766666666666666,3,1,0,2,0,1,0,0
1134,37.8,1,2,0,2,0,0,0,0
1135,37.833333333333336,1,0,0,0,0,0,0,0
1136,37.86666666666667,2,0,0,0,0,0,0,0
1137,37.9,2,3,0,2,0,0,0,0
1138,37.93333333333333,2,2,1,2,0,0,0,0
1139,37.96666666666667,2,1,0,2,0,0,0,0
1140,38.0,2,2,0,2,0,0,0,0
1141,38.03333333333333,1,2,0,3,0,0,0,0
1142,38.06666666666666,1,4,0,2,0,0,0,0
1143,38.1,2,4,0,3,0,0,0,0
1144,38.13333333333333,2,1,0,3,0,0,0,0
1145,38.166666666666664,1,2,0,4,0,0,0,0
1146,38.2,1,2,0,3,0,0,0,0
1147,38.233333333333334,3,0,0,0,0,0,0,0
1148,38.266666666666666,2,2,0,3,0,0,0,0
1149,38.3,2,1,0,4,0,0,0,0
1150,38.333333333333336,1,1,0,4,0,0,0,0
1151,38.36666666666667,1,1,1,2,0,0,0,0
1152,38.4,1,2,0,3,0,0,0,0
1153,38.43333333333333,1,2,0,3,0,0,0,0
1154,38.46666666666667,1,2,0,3,0,0,0,0
1155,38.5,1,2,0,4,0,0,0,0
1156,38.53333333333333,1,3,0,3,0,0,0,0
1157,38.56666666666666,1,1,0,3,0,0,0,0
1158,38.6,3,0,0,0,0,0,0,0
1159,38.63333333333333,1,0,0,5,0,0,0,0
1160,38.666666666666664,1,1,0,3,0,0,0,0
1161,38.7,1,2,1,3,0,0,0,0
1162,38.733333333333334,1,1,1,2,0,0,0,0
1163,38.766666666666666,1,1,1,3,0,0,0,0
1164,38.8,2,2,0,3,0,0,0,0
1165,38.833333333333336,2,0,0,4,0,0,0,0
1166,38.86666666666667,2,2,0,3,0,0,0,0
1167,38.9,1,1,0,4,0,0,0,0
1168,38.93333333333333,1,1,1,2,0,0,0,0
1169,38.96666666666667,3,0,0,0,0,0,0,0
1170,39.0,1,2,0,4,0,0,0,0
1171,39.03333333333333,1,2,0,2,0,0,0,0
1172,39.06666666666666,1,1,0,3,0,0,0,0
1173,39.1,2,2,2,2,0,0,0,0
1174,39.13333333333333,1,2,1,2,1,0,0,0
1175,39.166666666666664,1,1,0,3,0,0,0,0
1176,39.2,1,1,1,2,0,0,0,0
1177,39.233333333333334,1,1,0,2,0,0,0,0
1178,39.266666666666666,2,2,0,3,0,0,0,0
1179,39.3,1,1,0,3,0,0,0,0
1180,39.333333333333336,1,0,0,0,0,0,0,0
1181,39.36666666666667,3,1,1,2,1,0,0,0
1182,39.4,1,0,0,3,1,0,0,0
1183,39.43333333333333,3,2,0,2,1,0,0,0
1184,39.46666666666667,4,2,0,2,0,0,0,0
1185,39.5,3,1,1,1,1,0,0,0
1186,39.53333333333333,5,1,0,2,0,0,0,0
1187,39.56666666666666,4,0,0,3,0,0,0,0
1188,39.6,3,1,0,3,0,0,0,0
1189,39.63333333333333,3,0,0,2,0,0,0,0
1190,39.666666666666664,2,0,0,2,0,0,0,0
1191,39.7,2,0,0,0,0,0,0,0
1192,39.733333333333334,5,2,0,1,0,0,0,0
1193,39.766666666666666,6,0,0,2,0,0,0,0
1194,39.8,6,0,0,2,0,0,0,1
1195,39.833333333333336,3,0,0,2,0,0,0,0
1196,39.86666666666667,5,1,0,0,0,0,0,0
1197,39.9,7,0,0,1,0,0,0,0
1198,39.93333333333333,7,0,0,1,0,0,0,0
1199,39.96666666666667,6,0,0,1,0,0,0,0
1200,40.0,5,0,0,1,0,0,0,0
1201,40.03333333333333,6,0,0,1,0,0,0,0
1202,40.06666666666666,2,0,0,0,0,0,0,0
1203,40.1,5,0,0,0,0,0,0,0
1204,40.13333333333333,4,0,0,1,0,0,0,0
1205,40.166666666666664,4,0,0,2,0,0,0,0
1206,40.2,4,0,2,0,0,0,0,0
1207,40.233333333333334,4,0,1,0,0,0,0,0
1208,40.266666666666666,3,0,0,2,0,0,0,0
1209,40.3,4,0,0,1,0,0,0,0
1210,40.333333333333336,5,0,0,1,0,0,0,0
1211,40.36666666666667,4,0,0,1,0,0,0,0
1212,40.4,3,0,0,1,0,0,0,0
1213,40.43333333333333,1,0,0,0,0,0,0,0
1214,40.46666666666667,5,0,0,1,0,0,0,0
1215,40.5,4,0,0,1,0,0,0,0
1216,40.53333333333333,4,0,0,1,0,0,0,0
1217,40.56666666666666,5,0,0,1,0,0,0,0
1218,40.6,4,0,0,1,0,0,0,0
1219,40.63333333333333,4,1,0,0,0,0,0,0
1220,40.666666666666664,4,0,0,1,0,0,0,0
1221,40.7,5,0,0,1,0,0,0,0
1222,40.733333333333334,5,1,0,1,0,0,0,0
1223,40.766666666666666,4,0,0,1,0,0,0,0
1224,40.8,1,0,0,0,0,0,0,0
1225,40.833333333333336,3,1,0,1,0,0,0,0
1226,40.86666666666667,4,0,0,1,0,0,0,0
1227,40.9,5,2,0,1,0,0,0,0
1228,40.93333333333333,5,1,0,1,0,0,0,0
1229,40.96666666666667,2,1,0,1,0,0,0,0
1230,41.0,3,2,0,1,0,0,0,0
1231,41.03333333333333,5,1,0,1,0,0,0,0
1232,41.06666666666666,4,0,0,1,0,0,0,0
1233,41.1,3,1,0,1,0,0,0,0
1234,41.13333333333333,3,1,0,1,0,0,0,0
1235,41.166666666666664,1,0,0,0,0,0,0,0
1236,41.2,3,0,0,1,0,0,0,0
1237,41.233333333333334,4,0,1,1,0,0,0,0
1238,41.266666666666666,4,1,0,1,0,0,0,0
1239,41.3,3,1,0,1,0,0,0,0
1240,41.333333333333336,2,1,0,1,0,0,0,0
1241,41.36666666666667,4,1,0,1,0,0,0,0
1242,41.4,3,1,0,1,0,0,0,0
1243,41.43333333333333,4,1,0,1,0,0,0,0
1244,41.46666666666667,4,2,0,1,0,0,0,0
1245,41.5,4,2,0,1,0,0,0,1
1246,41.53333333333333,3,0,0,0,0,0,0,0
1247,41.56666666666666,1,0,0,0,0,0,0,0
1248,41.6,3,1,0,1,0,0,0,0
1249,41.63333333333333,3,1,0,1,0,0,0,0
1250,41.666666666666664,7,1,0,0,0,0,0,0
1251,41.7,4,1,0,0,0,0,0,0
1252,41.733333333333334,4,1,0,1,0,0,0,0
1253,41.766666666666666,3,1,0,0,0,0,0,0
1254,41.8,3,2,0,1,0,0,0,0
1255,41.833333333333336,4,1,0,1,0,0,0,0
1256,41.86666666666667,4,1,0,1,0,0,0,0
1257,41.9,4,1,0,1,0,0,0,0
1258,41.93333333333333,1,0,0,0,0,0,0,0
1259,41.96666666666667,5,1,0,1,0,0,0,0
1260,42.0,3,1,0,1,0,0,0,0
1261,42.03333333333333,4,1,0,1,0,0,0,0
1262,42.06666666666666,3,1,0,0,0,0,0,0
1263,42.1,4,1,0,0,0,0,0,0
1264,42.13333333333333,5,2,0,1,0,0,0,0
1265,42.166666666666664,7,1,0,0,0,0,0,0
1266,42.2,6,2,0,1,0,0,0,0
1267,42.233333333333334,5,2,0,2,0,0,0,0
1268,42.266666666666666,7,2,0,1,0,0,0,0
1269,42.3,1,0,0,0,0,0,0,0
1270,42.333333333333336,7,1,0,2,0,0,0,0
1271,42.36666666666667,5,2,0,2,0,0,0,0
1272,42.4,5,1,0,2,0,0,0,0
1273,42.43333333333333,5,1,0,3,0,0,0,0
1274,42.46666666666667,5,2,0,2,0,0,0,0
1275,42.5,5,2,0,2,0,0,0,0
1276,42.53333333333333,7,2,0,2,0,0,0,0
1277,42.56666666666666,7,4,0,2,0,0,0,0
1278,42.6,4,2,0,2,0,0,0,0
1279,42.63333333333333,6,2,0,2,0,0,0,0
1280,42.666666666666664,1,0,0,0,0,0,0,0
1281,42.7,6,4,0,2,0,0,0,1
1282,42.733333333333334,6,3,0,1,0,0,0,0
1283,42.766666666666666,5,4,0,2,0,0,0,1
1284,42.8,5,2,0,2,0,0,0,1
1285,42.833333333333336,6,2,0,2,0,0,0,1
1286,42.86666666666667,5,3,1,1,0,0,0,0
1287,42.9,5,1,0,2,0,0,0,1
1288,42.93333333333333,5,2,0,2,0,0,0,0
1289,42.96666666666667,6,0,0,2,0,0,0,1
1290,43.0,4,2,0,2,0,1,0,1
1291,43.03333333333333,2,0,0,0,0,0,0,0
1292,43.06666666666666,5,2,1,2,0,0,0,1
1293,43.1,5,3,0,2,0,0,0,1
1294,43.13333333333333,6,2,0,2,0,0,0,1
1295,43.166666666666664,5,2,0,2,0,0,0,0
1296,43.2,5,2,0,2,0,0,0,0
1297,43.233333333333334,5,3,0,2,0,0,0,1
1298,43.266666666666666,4,2,0,1,0,0,0,1
1299,43.3,5,2,0,2,0,0,0,0
1300,43.333333333333336,7,3,1,1,0,0,0,0
1301,43.36666666666667,5,2,0,1,0,1,0,1
1302,43.4,2,0,0,0,0,0,0,0
1303,43.43333333333333,5,2,0,0,0,0,0,1
1304,43.46666666666667,6,2,1,1,0,0,0,1
1305,43.5,5,2,0,2,0,0,0,1
1306,43.53333333333333,7,3,0,2,0,0,0,1
1307,43.56666666666666,8,2,1,1,0,0,0,1
1308,43.6,7,2,0,2,0,0,0,1
1309,43.63333333333333,6,2,1,1,0,0,0,1
1310,43.666666666666664,8,1,1,1,0,0,0,1
1311,43.7,9,2,2,0,0,0,0,0
1312,43.733333333333334,9,1,2,0,0,0,0,0
1313,43.766666666666666,2,0,0,0,0,0,0,0
1314,43.8,8,1,1,0,0,0,0,0
1315,43.833333333333336,10,1,1,1,0,0,0,0
1316,43.86666666666667,9,1,1,1,0,0,0,1
1317,43.9,11,1,2,0,0,0,0,1
1318,43.93333333333333,10,1,2,0,0,0,0,0
1319,43.96666666666667,9,1,2,0,0,0,0,1
1320,44.0,11,1,2,0,0,0,0,0
1321,44.03333333333333,10,1,2,0,0,0,0,1
1322,44.06666666666666,8,0,1,0,0,0,0,1
1323,44.1,9,0,1,0,0,0,0,1
1324,44.13333333333333,2,0,0,0,0,0,0,0
1325,44.166666666666664,8,1,1,0,0,0,0,1
1326,44.2,8,0,1,0,0,0,0,1
1327,44.233333333333334,8,0,1,0,0,0,0,0
1328,44.266666666666666,7,0,1,0,0,0,0,1
1329,44.3,9,0,0,0,0,1,0,0
1330,44.333333333333336,9,1,0,0,0,1,0,1
1331,44.36666666666667,9,0,0,0,0,0,0,0
1332,44.4,9,0,0,0,0,0,0,1
1333,44.43333333333333,8,0,0,0,0,0,0,1
1334,44.46666666666667,9,0,0,0,0,0,0,1
1335,44.5,1,0,0,0,0,0,0,0
1336,44.53333333333333,10,0,0,0,0,0,0,0
1337,44.56666666666666,9,0,0,0,0,0,0,1
1338,44.6,11,0,0,0,0,0,0,1
1339,44.63333333333333,10,0,0,0,0,0,0,1
1340,44.666666666666664,9,0,0,0,0,0,0,1
1341,44.7,9,0,0,0,0,0,0,1
1342,44.733333333333334,10,0,0,0,0,0,0,1
1343,44.766666666666666,10,0,0,0,0,0,0,1
1344,44.8,10,0,0,0,0,0,0,1
1345,44.833333333333336,10,0,0,0,0,0,0,1
1346,44.86666666666667,2,0,0,0,0,0,0,0
1347,44.9,10,0,0,0,0,0,0,1
1348,44.93333333333333,10,0,0,0,0,0,0,1
1349,44.96666666666667,10,1,0,0,0,0,0,0
1350,45.0,8,0,0,0,0,0,0,0
1351,45.03333333333333,9,1,0,0,0,0,0,0
1352,45.06666666666666,8,1,0,0,0,0,0,0
1353,45.1,8,1,0,0,0,0,0,0
1354,45.13333333333333,10,1,0,0,0,0,0,1
1355,45.166666666666664,8,1,0,0,0,0,0,0
1356,45.2,9,1,0,0,0,0,0,1
1357,45.233333333333334,3,0,0,0,0,0,0,0
1358,45.266666666666666,2,0,0,0,0,0,0,0
1359,45.3,9,1,0,0,0,0,0,1
1360,45.333333333333336,9,0,0,0,0,0,0,1
1361,45.36666666666667,9,0,0,0,0,0,0,1
1362,45.4,9,1,0,0,0,0,0,1
1363,45.43333333333333,9,1,0,0,0,0,0,1
1364,45.46666666666667,10,1,0,0,0,0,0,1
1365,45.5,9,1,0,0,0,0,0,0
1366,45.53333333333333,10,1,0,0,0,0,0,0
1367,45.56666666666666,10,0,0,0,0,0,0,0
1368,45.6,9,1,0,0,0,0,0,0
1369,45.63333333333333,2,0,0,0,0,0,0,0
1370,45.666666666666664,10,0,0,0,0,0,0,0
1371,45.7,10,0,0,0,0,0,0,0
1372,45.733333333333334,8,1,0,0,0,0,0,0
1373,45.766666666666666,8,1,0,0,0,0,0,0
1374,45.8,9,0,0,0,0,0,0,0
1375,45.833333333333336,10,0,0,0,0,0,0,0
1376,45.86666666666667,11,0,0,0,0,0,0,0
1377,45.9,10,0,1,0,0,0,0,0
1378,45.93333333333333,11,0,1,0,0,0,0,0
1379,45.96666666666667,10,0,0,0,0,0,0,0
1380,46.0,3,0,0,0,0,0,0,0
1381,46.03333333333333,11,2,0,0,0,0,0,0
1382,46.06666666666666,11,0,1,0,0,0,0,0
1383,46.1,1,0,0,0,0,0,0,0
1384,46.13333333333333,1,0,0,0,0,0,0,0
1385,46.166666666666664,2,0,0,0,0,0,0,0
1386,46.2,1,0,0,0,0,0,0,0
1387,46.233333333333334,1,0,0,0,0,0,0,0
1388,46.266666666666666,2,0,0,0,0,0,0,0
1389,46.3,2,0,0,0,0,0,0,0
1390,46.333333333333336,2,0,0,0,0,0,0,0
1391,46.36666666666667,2,0,0,0,0,0,0,0
1392,46.4,2,0,0,0,0,0,0,0
1393,46.43333333333333,2,0,0,0,0,0,0,0
1394,46.46666666666667,2,0,0,0,0,0,0,0
1395,46.5,1,0,0,0,0,0,0,0
1396,46.53333333333333,1,0,0,0,0,0,0,0
1397,46.56666666666666,1,0,0,0,0,0,0,0
1398,46.6,1,0,0,0,0,0,0,0
1399,46.63333333333333,1,0,0,0,0,0,0,0
1400,46.666666666666664,1,0,0,0,0,0,0,0
1401,46.7,2,0,0,0,0,0,0,0
1402,46.733333333333334,1,0,0,0,0,0,0,0
1403,46.766666666666666,1,0,0,0,0,0,0,0
1404,46.8,1,0,0,0,0,0,0,0
1405,46.833333333333336,2,0,0,0,0,0,0,0
1406,46.86666666666667,1,0,0,0,0,0,0,0
1407,46.9,1,0,0,0,0,0,0,0
1408,46.93333333333333,1,0,0,0,0,0,0,0
1409,46.96666666666667,1,0,0,0,0,0,0,0
1410,47.0,1,0,0,0,0,0,0,0
1411,47.03333333333333,1,0,0,0,0,0,0,0
1412,47.06666666666666,2,0,0,0,0,0,0,0
1413,47.1,1,0,0,0,0,0,0,0
1414,47.13333333333333,1,0,0,0,0,0,0,0
1415,47.166666666666664,1,0,0,0,0,0,0,0
1416,47.2,1,0,0,0,0,0,0,0
1417,47.233333333333334,1,0,0,0,0,0,0,0
1418,47.266666666666666,1,0,0,0,0,0,0,0
1419,47.3,1,0,0,0,0,0,0,0
1420,47.333333333333336,1,0,0,0,0,0,0,0
1421,47.36666666666667,1,0,0,0,0,0,0,0
1422,47.4,1,0,0,0,0,0,0,0
1423,47.43333333333333,2,0,0,0,0,0,0,0
1424,47.46666666666667,1,0,0,0,0,0,0,0
1425,47.5,1,0,0,0,0,0,0,0
1426,47.53333333333333,1,0,0,0,0,0,0,0
1427,47.56666666666666,1,0,0,0,0,0,0,0
1428,47.6,1,0,0,0,0,0,0,0
1429,47.63333333333333,1,0,0,0,0,0,0,0
1430,47.666666666666664,1,0,0,0,0,0,0,0
1431,47.7,1,0,0,0,0,0,0,0
1432,47.733333333333334,1,0,0,0,0,0,0,0
1433,47.766666666666666,1,0,0,0,0,0,0,0
1434,47.8,4,0,0,0,0,0,0,0
1435,47.833333333333336,1,0,0,0,0,0,0,0
1436,47.86666666666667,1,0,0,0,0,0,0,0
1437,47.9,1,0,0,0,0,0,0,0
1438,47.93333333333333,1,0,0,0,0,0,0,0
1439,47.96666666666667,1,0,0,0,0,0,0,0
1440,48.0,1,0,0,1,0,0,0,0
1441,48.03333333333333,1,0,0,1,0,0,0,0
1442,48.06666666666666,1,0,0,1,0,0,0,0
1443,48.1,1,0,0,1,0,0,0,0
1444,48.13333333333333,1,0,0,1,0,0,0,0
1445,48.166666666666664,1,0,0,0,0,0,0,0
1446,48.2,0,0,0,0,1,0,0,0
1447,48.233333333333334,1,0,0,0,0,0,0,0
1448,48.266666666666666,2,0,0,0,0,0,0,0
1449,48.3,2,0,0,0,0,0,0,0
1450,48.333333333333336,1,0,0,0,0,0,0,0
1451,48.36666666666667,0,0,0,0,0,0,0,0
1452,48.4,0,0,0,0,0,0,0,0
1453,48.43333333333333,2,0,0,0,0,0,0,0
1454,48.46666666666667,1,0,0,0,0,0,0,0
1455,48.5,0,0,0,0,0,0,0,0
1456,48.53333333333333,0,0,0,0,0,0,0,0
1457,48.56666666666666,1,0,0,0,0,0,0,0
1458,48.6,2,0,0,0,0,0,0,0
1459,48.63333333333333,2,0,0,0,0,0,0,0
1460,48.666666666666664,3,0,0,0,0,0,0,0
1461,48.7,1,0,0,0,0,0,0,0
1462,48.733333333333334,4,0,0,0,0,0,0,0
1463,48.766666666666666,2,0,0,0,0,0,0,0
1464,48.8,1,0,0,0,0,0,0,0
1465,48.833333333333336,0,0,0,0,0,0,0,0
1466,48.86666666666667,1,0,0,0,0,0,0,0
1467,48.9,1,0,0,0,0,0,0,0
1468,48.93333333333333,1,0,0,0,0,0,0,0
1469,48.96666666666667,1,0,0,0,0,0,0,0
1470,49.0,1,0,0,0,0,0,0,0
1471,49.03333333333333,0,0,0,0,0,0,0,0
1472,49.06666666666666,1,0,0,0,0,0,0,0
1473,49.1,1,0,0,0,0,1,0,0
1474,49.13333333333333,1,0,0,0,0,0,0,0
1475,49.166666666666664,1,0,0,0,0,0,0,0
1476,49.2,1,0,0,0,0,0,0,0
1477,49.233333333333334,2,0,0,0,0,0,0,0
1478,49.266666666666666,2,0,0,0,0,0,0,0
1479,49.3,2,0,0,0,0,0,0,0
1480,49.333333333333336,2,0,0,0,0,0,0,0
1481,49.36666666666667,2,0,0,0,0,0,0,0
1482,49.4,1,0,0,0,0,0,0,0
1483,49.43333333333333,1,0,0,0,0,0,0,0
1484,49.46666666666667,1,0,0,0,0,0,0,0
1485,49.5,1,0,0,0,0,0,0,0
1486,49.53333333333333,1,1,0,0,0,0,0,0
1487,49.56666666666666,0,1,0,0,0,0,0,0
1488,49.6,0,1,0,0,0,0,0,0
1489,49.63333333333333,0,1,0,0,0,0,0,0
1490,49.666666666666664,0,1,0,0,0,0,0,0
1491,49.7,1,0,0,0,0,0,0,0
1492,49.733333333333334,0,0,0,0,0,0,0,0
1493,49.766666666666666,0,0,1,0,0,0,0,0
1494,49.8,0,0,1,0,0,1,0,0
1495,49.833333333333336,0,1,0,0,0,0,0,0
1496,49.86666666666667,0,1,0,0,0,0,0,0
1497,49.9,0,1,0,0,0,0,0,0
1498,49.93333333333333,0,1,0,0,0,0,0,0
1499,49.96666666666667,0,0,0,0,0,0,0,0
1500,50.0,0,0,0,0,0,0,0,0
1501,50.03333333333333,0,0,0,0,0,0,0,0
1502,50.06666666666666,1,0,0,0,0,0,0,0
1503,50.1,1,1,0,0,0,0,0,0
1504,50.13333333333333,1,1,0,0,0,0,0,0
1505,50.166666666666664,0,0,0,0,0,0,0,0
1506,50.2,1,1,0,0,0,0,0,0
1507,50.233333333333334,1,1,1,0,0,0,0,0
1508,50.266666666666666,1,1,1,0,0,0,0,0
1509,50.3,1,1,0,0,0,0,0,0
1510,50.333333333333336,1,1,0,0,0,0,0,0
1511,50.36666666666667,1,1,1,0,0,0,0,0
1512,50.4,0,0,1,0,0,0,0,0
1513,50.43333333333333,2,0,0,0,0,0,0,0
1514,50.46666666666667,0,1,0,0,0,0,0,0
1515,50.5,1,1,0,0,0,0,0,0
1516,50.53333333333333,0,0,0,0,0,0,0,0
1517,50.56666666666666,0,0,1,0,0,0,0,0
1518,50.6,0,0,1,0,0,0,0,0
1519,50.63333333333333,0,1,1,0,0,0,0,0
1520,50.666666666666664,0,1,1,0,0,0,0,0
1521,50.7,1,0,1,0,0,0,0,0
1522,50.733333333333334,0,0,0,0,0,0,0,0
1523,50.766666666666666,1,1,0,0,0,0,0,0
1524,50.8,2,0,0,0,0,0,0,0
1525,50.833333333333336,2,1,0,0,0,0,0,0
1526,50.86666666666667,2,0,0,0,0,0,0,0
1527,50.9,2,0,0,0,0,0,0,0
1528,50.93333333333333,2,0,0,0,0,0,0,0
1529,50.96666666666667,1,1,0,0,0,0,0,0
1530,51.0,2,0,0,0,0,0,0,0
1531,51.03333333333333,3,0,0,0,0,0,0,0
1532,51.06666666666666,2,0,0,0,0,0,0,0
1533,51.1,1,1,0,0,0,0,0,0
1534,51.13333333333333,1,1,0,0,0,0,0,0
1535,51.166666666666664,3,0,0,0,0,0,0,0
1536,51.2,2,0,0,0,0,0,0,0
1537,51.233333333333334,1,2,0,0,0,0,0,0
1538,51.266666666666666,1,2,0,0,0,0,0,0
1539,51.3,0,1,0,0,0,0,0,0
1540,51.333333333333336,1,1,0,0,0,0,0,0
1541,51.36666666666667,1,1,0,0,0,0,0,0
1542,51.4,1,1,0,0,0,0,0,0
1543,51.43333333333333,1,2,0,0,0,0,0,0
1544,51.46666666666667,0,0,1,0,0,0,0,0
1545,51.5,1,0,0,2,0,0,0,0
1546,51.53333333333333,0,0,0,0,0,0,0,0
1547,51.56666666666666,0,0,1,1,0,0,0,0
1548,51.6,0,0,1,1,0,0,0,0
1549,51.63333333333333,0,1,1,1,0,0,0,0
1550,51.666666666666664,2,2,1,1,0,0,0,0
1551,51.699999999999996,1,2,0,1,0,0,0,0
1552,51.733333333333334,1,2,0,1,0,0,0,0
1553,51.766666666666666,1,3,0,1,0,0,0,0
1554,51.8,1,3,0,1,0,0,0,0
1555,51.833333333333336,1,1,0,2,0,0,0,0
1556,51.86666666666667,1,1,0,2,0,0,0,0
1557,51.9,1,0,0,0,0,0,0,0
1558,51.93333333333333,1,0,0,0,0,0,0,0
1559,51.96666666666667,0,2,0,2,0,0,0,0
1560,52.0,1,2,0,2,0,0,0,0
1561,52.03333333333333,0,1,0,2,0,0,0,0
1562,52.06666666666666,0,2,0,1,0,0,0,0
1563,52.1,0,2,0,2,0,0,0,0
1564,52.13333333333333,1,3,0,1,0,0,0,0
1565,52.166666666666664,1,2,0,2,0,0,0,0
1566,52.199999999999996,1,1,0,1,0,0,0,0
1567,52.233333333333334,0,2,0,1,1,0,0,0
1568,52.266666666666666,0,2,0,2,0,0,0,0
1569,52.3,0,0,0,0,0,0,0,0
1570,52.333333333333336,1,2,0,2,0,0,0,0
1571,52.36666666666667,1,1,0,2,0,0,0,0
1572,52.4,1,2,0,2,0,0,0,0
1573,52.43333333333333,1,3,0,1,0,0,0,0
1574,52.46666666666667,0,2,0,1,0,0,0,0
1575,52.5,0,1,0,2,1,0,0,0
1576,52.53333333333333,0,2,0,3,1,0,0,0
1577,52.56666666666666,0,3,0,2,1,0,0,0
1578,52.6,0,2,0,3,0,0,0,0
1579,52.63333333333333,0,1,0,3,0,0,0,0
1580,52.666666666666664,2,0,0,0,0,0,0,0
1581,52.699999999999996,1,2,0,3,0,0,0,0
1582,52.733333333333334,1,1,0,4,0,0,0,0
1583,52.766666666666666,0,0,0,4,0,0,0,0
1584,52.8,0,1,1,3,1,0,0,0
1585,52.833333333333336,0,3,0,2,0,0,0,0
1586,52.86666666666667,1,3,0,2,0,0,0,0
1587,52.9,0,2,0,3,0,0,0,0
1588,52.93333333333333,0,4,1,3,0,0,0,0
1589,52.96666666666667,1,2,0,2,0,0,0,0
1590,53.0,0,1,0,4,0,0,0,0
1591,53.03333333333333,1,0,0,0,0,0,0,0
1592,53.06666666666666,0,3,1,2,0,0,0,0
1593,53.1,3,3,0,3,0,0,0,0
1594,53.13333333333333,1,3,0,3,0,0,0,0
1595,53.166666666666664,2,3,0,4,0,0,0,0
1596,53.199999999999996,2,3,0,2,0,0,0,0
1597,53.233333333333334,1,4,0,2,0,0,0,0
1598,53.266666666666666,1,3,0,1,1,0,0,0
1599,53.3,2,4,0,2,0,0,0,0
1600,53.333333333333336,0,4,0,2,1,0,0,0
1601,53.36666666666667,2,4,0,2,0,0,0,0
1602,53.4,2,0,0,0,0,0,0,0
1603,53.43333333333333,1,4,0,1,0,0,0,0
1604,53.46666666666667,2,2,0,1,0,0,0,0
1605,53.5,1,2,0,1,0,0,0,0
1606,53.53333333333333,1,2,0,1,0,0,0,0
1607,53.56666666666666,1,2,0,1,0,0,0,0
1608,53.6,0,3,0,1,0,0,0,0
1609,53.63333333333333,0,4,0,2,0,0,0,0
1610,53.666666666666664,0,3,0,1,0,0,0,0
1611,53.699999999999996,1,3,0,1,0,0,0,0
1612,53.733333333333334,1,3,0,1,0,0,0,0
1613,53.766666666666666,1,0,0,0,0,0,0,0
1614,53.8,2,2,1,1,0,0,0,0
1615,53.833333333333336,2,4,1,1,0,0,0,0
1616,53.86666666666667,2,4,0,1,0,0,0,0
1617,53.9,1,3,0,1,0,0,0,0
1618,53.93333333333333,1,3,0,1,0,0,0,0
1619,53.96666666666667,1,3,0,2,0,0,0,0
1620,54.0,2,3,0,2,0,0,0,0
1621,54.03333333333333,1,3,0,1,0,0,0,0
1622,54.06666666666666,1,3,0,2,0,0,0,0
1623,54.1,2,3,0,2,0,0,0,0
1624,54.13333333333333,0,0,0,0,0,0,0,0
1625,54.166666666666664,3,3,0,2,0,0,0,0
1626,54.199999999999996,2,3,0,2,0,0,0,0
1627,54.233333333333334,1,2,0,2,0,0,0,0
1628,54.266666666666666,2,3,0,3,0,0,0,0
1629,54.3,4,4,0,2,0,0,0,0
1630,54.333333333333336,4,3,0,2,0,0,0,0
1631,54.36666666666667,4,3,0,0,0,0,0,0
1632,54.4,3,3,0,1,1,0,0,0
1633,54.43333333333333,2,4,0,3,0,0,0,0
1634,54.46666666666667,3,4,0,2,0,0,0,0
1635,54.5,0,0,0,0,0,0,0,0
1636,54.53333333333333,4,3,0,3,0,0,0,0
1637,54.56666666666666,3,1,1,0,0,0,0,0
1638,54.6,4,4,0,2,0,0,0,0
1639,54.63333333333333,4,4,0,2,0,0,0,0
1640,54.666666666666664,4,3,0,0,0,0,0,0
1641,54.699999999999996,3,3,0,1,0,0,0,0
1642,54.733333333333334,3,2,0,0,0,0,0,0
1643,54.766666666666666,4,2,0,1,0,0,0,0
1644,54.8,5,2,0,2,0,0,0,0
1645,54.833333333333336,4,2,0,1,0,0,0,0
1646,54.86666666666667,1,0,0,0,0,0,0,0
1647,54.9,4,2,0,2,0,0,0,0
1648,54.93333333333333,5,2,0,2,0,0,0,0
1649,54.96666666666667,4,2,0,2,0,0,0,0
1650,55.0,4,4,1,2,0,0,0,0
1651,55.03333333333333,4,3,1,3,0,0,0,0
1652,55.06666666666666,5,2,0,3,0,0,0,0
1653,55.1,6,3,0,2,0,0,0,0
1654,55.13333333333333,4,3,0,3,0,0,0,0
1655,55.166666666666664,4,2,1,1,0,0,0,0
1656,55.199999999999996,4,3,0,1,1,0,0,0
1657,55.233333333333334,1,0,0,0,0,0,0,0
1658,55.266666666666666,5,2,0,3,0,0,0,0
1659,55.3,5,4,0,2,0,0,0,0
1660,55.333333333333336,5,3,0,2,0,0,0,0
1661,55.36666666666667,5,2,0,1,0,0,0,0
1662,55.4,6,3,0,3,0,0,0,0
1663,55.43333333333333,5,2,1,2,0,0,0,0
1664,55.46666666666667,5,3,1,1,0,0,0,0
1665,55.5,5,3,0,3,0,0,0,0
1666,55.53333333333333,4,2,1,1,1,0,0,0
1667,55.56666666666666,5,2,1,1,0,0,0,0
1668,55.6,0,0,0,0,1,0,0,0
1669,55.63333333333333,1,0,0,0,0,0,0,0
1670,55.666666666666664,5,2,0,2,0,0,0,0
1671,55.699999999999996,4,4,0,2,1,0,0,0
1672,55.733333333333334,4,3,1,0,0,0,0,0
1673,55.766666666666666,5,1,0,1,0,0,0,0
1674,55.8,5,3,0,1,0,0,0,0
1675,55.833333333333336,5,3,0,1,0,0,0,0
1676,55.86666666666667,5,4,0,1,0,0,0,0
1677,55.9,4,3,0,1,0,0,0,0
1678,55.93333333333333,4,3,0,1,0,0,0,0
1679,55.96666666666667,4,3,2,0,0,0,0,0
1680,56.0,1,0,0,0,0,0,0,0
1681,56.03333333333333,4,3,0,1,0,0,0,0
1682,56.06666666666666,4,2,0,1,0,0,0,0
1683,56.1,3,1,0,1,1,0,0,0
1684,56.13333333333333,4,2,0,1,0,0,0,0
1685,56.166666666666664,3,2,0,1,1,0,0,0
1686,56.199999999999996,4,1,0,1,0,0,0,0
1687,56.233333333333334,4,1,0,2,0,0,0,0
1688,56.266666666666666,4,1,0,2,0,0,0,0
1689,56.3,4,1,0,1,0,0,0,0
1690,56.333333333333336,4,1,0,1,0,0,0,0
1691,56.36666666666667,1,0,0,0,0,0,0,0
1692,56.4,4,1,1,0,0,0,0,0
1693,56.43333333333333,4,1,1,1,0,0,0,0
1694,56.46666666666667,3,1,1,0,0,0,0,0
1695,56.5,3,1,0,0,0,0,0,0
1696,56.53333333333333,3,1,0,0,0,0,0,0
1697,56.56666666666666,4,1,0,0,0,0,0,0
1698,56.6,5,1,0,0,0,0,0,0
1699,56.63333333333333,4,1,0,0,0,0,0,0
1700,56.666666666666664,4,1,0,0,0,0,0,0
1701,56.699999999999996,5,0,0,0,0,0,0,0
1702,56.733333333333334,2,0,0,0,0,0,0,0
1703,56.766666666666666,5,0,0,0,0,0,0,0
1704,56.8,5,0,0,0,0,0,0,1
1705,56.833333333333336,4,0,0,0,0,0,0,1
1706,56.86666666666667,4,0,0,0,0,0,0,1
1707,56.9,6,0,0,0,0,0,0,1
1708,56.93333333333333,6,0,0,0,0,0,0,0
1709,56.96666666666667,5,0,1,0,0,0,0,1
1710,57.0,6,0,1,0,0,0,0,1
1711,57.03333333333333,6,0,1,0,0,0,0,1
1712,57.06666666666666,8,0,1,0,0,0,0,1
1713,57.1,1,1,0,0,0,0,0,0
1714,57.13333333333333,6,0,1,0,0,0,0,0
1715,57.166666666666664,6,0,1,0,0,0,0,0
1716,57.199999999999996,7,0,1,0,0,0,0,0
1717,57.233333333333334,7,0,1,0,0,0,0,1
1718,57.266666666666666,7,0,1,0,0,0,0,1
1719,57.3,8,0,1,0,0,0,0,0
1720,57.333333333333336,7,0,0,0,0,0,0,1
1721,57.36666666666667,8,0,0,0,0,0,0,0
1722,57.4,7,0,0,0,0,0,0,0
1723,57.43333333333333,7,0,0,0,0,0,0,0
1724,57.46666666666667,0,1,0,0,0,0,0,0
1725,57.5,7,0,0,0,0,0,0,0
1726,57.53333333333333,7,0,0,0,0,0,0,0
1727,57.56666666666666,7,0,0,0,0,0,0,0
1728,57.6,8,1,0,0,0,0,0,0
1729,57.63333333333333,9,1,1,0,0,0,0,0
1730,57.666666666666664,8,0,1,0,0,0,0,1
1731,57.699999999999996,7,1,1,1,0,0,0,1
1732,57.733333333333334,7,0,1,0,0,0,0,0
1733,57.766666666666666,6,0,1,0,0,0,0,0
1734,57.8,7,0,1,0,0,0,0,0
1735,57.833333333333336,0,0,0,0,0,0,0,0
1736,57.86666666666667,8,0,1,0,0,0,0,0
1737,57.9,7,1,1,0,0,0,0,0
1738,57.93333333333333,7,1,1,0,0,0,0,0
1739,57.96666666666667,8,1,1,0,0,0,0,0
1740,58.0,8,1,1,0,0,0,0,0
1741,58.03333333333333,6,1,2,0,0,0,0,0
1742,58.06666666666666,6,1,1,0,1,0,0,0
1743,58.1,7,1,1,0,0,0,0,0
1744,58.13333333333333,6,1,1,0,0,0,0,0
1745,58.166666666666664,5,1,1,0,0,0,0,0
1746,58.199999999999996,0,0,0,0,1,0,0,0
1747,58.233333333333334,7,1,1,0,0,0,0,0
1748,58.266666666666666,6,0,1,0,0,0,0,0
1749,58.3,6,1,2,0,0,0,0,0
1750,58.333333333333336,7,0,0,1,0,0,0,0
1751,58.36666666666667,6,0,2,0,0,0,0,0
1752,58.4,7,1,1,0,0,0,0,1
1753,58.43333333333333,6,1,1,0,0,0,0,1
1754,58.46666666666667,6,1,1,0,0,0,0,1
1755,58.5,6,2,1,0,0,0,0,1
1756,58.53333333333333,6,1,1,0,0,0,0,1
1757,58.56666666666666,0,0,0,0,1,0,0,0
1758,58.6,5,1,1,0,0,0,0,1
1759,58.63333333333333,6,1,1,0,0,0,0,1
1760,58.666666666666664,6,1,1,0,0,0,0,1
1761,58.699999999999996,6,1,1,0,0,0,0,1
1762,58.733333333333334,6,1,1,0,0,0,0,1
1763,58.766666666666666,6,1,1,0,0,0,0,1
1764,58.8,6,1,1,0,0,0,0,1
1765,58.833333333333336,6,1,1,0,0,0,0,1
1766,58.86666666666667,5,1,1,0,1,1,0,1
1767,58.9,6,2,1,0,0,1,0,1
1768,58.93333333333333,0,0,0,0,1,0,0,0
1769,58.96666666666667,6,1,1,0,0,1,0,1
1770,59.0,6,1,1,0,1,0,0,1
1771,59.03333333333333,6,1,1,0,1,0,0,1
1772,59.06666666666666,7,2,1,0,0,0,0,1
1773,59.1,6,1,0,0,0,0,0,1
1774,59.13333333333333,7,2,0,0,0,0,0,1
1775,59.166666666666664,7,1,0,0,0,0,0,1
1776,59.199999999999996,7,0,0,0,0,0,0,1
1777,59.233333333333334,7,0,0,0,0,0,0,1
1778,59.266666666666666,6,0,0,0,0,0,0,1
1779,59.3,0,0,0,0,1,0,0,0
1780,59.333333333333336,0,0,0,0,1,0,0,0
1781,59.36666666666667,6,0,0,0,1,0,0,1
1782,59.4,5,0,0,0,1,0,0,0
1783,59.43333333333333,6,0,0,0,0,0,0,0
1784,59.46666666666667,5,1,0,0,1,0,0,1
1785,59.5,7,1,0,0,0,0,0,1
1786,59.53333333333333,7,1,0,0,0,0,0,0
1787,59.56666666666666,7,1,0,0,0,0,0,1
1788,59.6,7,1,0,0,0,0,0,1
1789,59.63333333333333,7,1,0,0,0,0,0,1
1790,59.666666666666664,7,1,0,0,0,0,0,1
1791,59.699999999999996,0,0,0,0,1,0,0,0
1792,59.733333333333334,7,1,0,0,0,0,0,1
1793,59.766666666666666,7,1,0,0,0,0,0,1
1794,59.8,7,1,0,0,1,0,0,1
1795,59.833333333333336,6,1,0,0,0,0,0,1
1796,59.86666666666667,7,1,0,0,0,0,0,1
1797,59.9,7,2,0,0,0,0,0,1
1798,59.93333333333333,8,1,1,0,0,0,0,0
1799,59.96666666666667,7,1,1,0,0,0,0,1
1800,60.0,7,1,0,0,0,0,0,0
1801,60.03333333333333,7,0,1,0,0,0,0,0
1802,60.06666666666666,0,0,0,0,1,0,0,0
1803,60.1,1,0,0,0,0,0,0,0
1804,60.13333333333333,1,0,0,0,0,0,0,0
1805,60.166666666666664,0,0,0,0,1,0,0,0
1806,60.199999999999996,1,0,0,0,0,0,0,0
1807,60.233333333333334,1,0,0,0,0,0,0,0
1808,60.266666666666666,1,0,0,0,0,0,0,0
1809,60.3,1,0,0,0,0,0,0,0
1810,60.333333333333336,1,0,0,0,1,0,0,0
1811,60.36666666666667,1,0,0,0,0,0,0,0
1812,60.4,1,0,0,0,0,0,0,0
1813,60.43333333333333,1,0,0,0,0,0,0,0
1814,60.46666666666667,0,0,0,0,0,0,0,0
1815,60.5,0,0,0,0,0,0,0,0
1816,60.53333333333333,1,0,0,0,0,0,0,0
1817,60.56666666666666,1,0,0,0,0,0,0,0
1818,60.6,1,0,0,0,0,0,0,0
1819,60.63333333333333,1,0,0,0,0,0,0,0
1820,60.666666666666664,1,0,0,0,0,0,0,0
1821,60.699999999999996,0,0,0,0,1,0,0,0
1822,60.733333333333334,1,0,0,0,0,0,0,0
1823,60.766666666666666,2,0,0,0,0,0,0,0
1824,60.8,1,0,0,0,0,0,0,0
1825,60.833333333333336,1,0,0,0,0,0,0,0
1826,60.86666666666667,2,0,0,0,0,0,0,0
1827,60.9,2,0,0,0,0,0,0,0
1828,60.93333333333333,1,0,0,0,0,0,0,0
1829,60.96666666666667,1,0,0,0,0,0,0,0
1830,61.0,0,0,0,0,0,0,0,0
1831,61.03333333333333,0,0,0,0,0,0,0,0
1832,61.06666666666666,0,0,0,0,1,0,0,0
1833,61.1,0,0,0,0,0,0,0,0
1834,61.13333333333333,0,0,0,0,0,0,0,0
1835,61.166666666666664,2,0,0,0,0,0,0,0
1836,61.199999999999996,0,0,0,0,0,0,0,0
1837,61.233333333333334,0,0,0,0,0,0,0,0
1838,61.266666666666666,0,0,0,0,1,0,0,0
1839,61.3,0,0,0,0,1,0,0,0
1840,61.333333333333336,0,0,0,0,0,0,0,0
1841,61.36666666666667,1,0,0,0,0,0,0,0
1842,61.4,0,0,0,0,0,0,0,0
1843,61.43333333333333,1,0,0,0,1,0,0,0
1844,61.46666666666667,1,0,0,0,0,0,0,0
1845,61.5,1,0,0,0,0,0,0,0
1846,61.53333333333333,1,0,0,0,0,0,0,0
1847,61.56666666666666,0,0,0,0,0,0,0,0
1848,61.6,1,0,0,0,0,0,0,0
1849,61.63333333333333,0,0,0,0,1,0,0,0
1850,61.666666666666664,0,0,0,0,1,0,0,0
1851,61.699999999999996,1,0,0,0,1,0,0,0
1852,61.733333333333334,1,0,0,0,1,0,0,0
1853,61.766666666666666,1,0,0,0,1,0,0,0
1854,61.8,0,0,0,0,1,0,0,0
1855,61.833333333333336,1,0,0,0,1,0,0,0
1856,61.86666666666667,1,0,0,0,1,0,0,0
1857,61.9,2,0,0,0,1,0,0,0
1858,61.93333333333333,1,0,0,0,1,0,0,0
1859,61.96666666666667,1,0,0,0,0,0,0,0
1860,62.0,2,0,0,0,0,0,0,0
1861,62.03333333333333,3,0,0,0,0,0,0,0
1862,62.06666666666666,1,0,0,0,0,0,0,0
1863,62.1,1,0,0,0,0,0,0,0
1864,62.13333333333333,1,0,0,0,0,0,0,0
1865,62.166666666666664,0,0,0,0,0,0,0,0
1866,62.199999999999996,1,0,0,0,0,0,0,0
1867,62.233333333333334,1,0,0,0,0,0,0,0
1868,62.266666666666666,2,0,0,1,0,0,0,0
1869,62.3,2,0,0,1,0,0,0,0
1870,62.333333333333336,2,0,0,1,0,0,1,0
1871,62.36666666666667,2,0,0,1,0,0,1,0
1872,62.4,3,0,0,1,0,0,0,0
1873,62.43333333333333,2,0,0,1,0,0,0,0
1874,62.46666666666667,2,0,0,1,0,0,0,0
1875,62.5,2,0,0,1,1,0,0,0
1876,62.53333333333333,3,0,0,1,0,0,1,0
1877,62.56666666666666,2,1,0,1,0,0,1,0
1878,62.6,2,0,0,0,0,0,0,0
1879,62.63333333333333,2,1,0,1,0,1,1,0
1880,62.666666666666664,2,1,0,0,0,0,1,0
1881,62.699999999999996,2,1,0,1,0,0,1,0
1882,62.733333333333334,2,1,0,1,0,0,0,0
1883,62.766666666666666,2,1,0,1,0,0,0,0
1884,62.8,2,2,0,1,0,0,0,0
1885,62.833333333333336,2,1,0,1,0,0,1,0
1886,62.86666666666667,2,1,0,1,0,0,0,0
1887,62.9,2,2,0,1,0,0,1,0
1888,62.93333333333333,2,1,0,1,0,0,0,0
1889,62.96666666666667,2,0,0,0,0,0,0,0
1890,63.0,2,1,0,1,0,0,0,0
1891,63.03333333333333,2,1,0,1,0,0,0,0
1892,63.06666666666666,2,2,0,1,0,0,0,0
1893,63.1,2,1,0,1,0,0,0,0
1894,63.13333333333333,2,2,0,1,0,0,0,0
1895,63.166666666666664,2,1,0,1,0,0,0,0
1896,63.199999999999996,2,3,0,1,0,0,0,0
1897,63.233333333333334,2,1,0,1,0,0,0,0
1898,63.266666666666666,2,0,0,2,0,0,0,0
1899,63.3,2,1,0,1,0,0,0,0
1900,63.333333333333336,3,0,0,0,0,0,0,0
1901,63.36666666666667,2,1,0,1,0,0,0,0
1902,63.4,2,1,0,1,0,0,0,0
1903,63.43333333333333,2,1,0,1,0,0,0,0
1904,63.46666666666667,3,1,0,1,0,0,0,0
1905,63.5,3,1,0,1,0,0,0,0
1906,63.53333333333333,3,1,0,1,0,0,0,0
1907,63.56666666666666,3,1,0,1,0,0,0,0
1908,63.6,3,1,0,1,0,0,0,0
1909,63.63333333333333,3,1,0,1,0,0,0,0
1910,63.666666666666664,4,1,0,1,0,0,0,0
1911,63.699999999999996,1,0,0,0,0,0,0,0
1912,63.733333333333334,3,1,0,1,0,0,0,0
1913,63.766666666666666,3,1,0,1,0,0,0,0
1914,63.8,3,1,0,1,0,0,0,0
1915,63.833333333333336,3,1,0,1,0,0,0,0
1916,63.86666666666667,3,1,0,0,0,0,0,0
1917,63.9,4,1,0,0,0,0,0,0
1918,63.93333333333333,4,1,0,1,0,0,0,0
1919,63.96666666666667,4,1,0,2,0,0,0,0
1920,64.0,4,1,0,0,0,0,0,0
1921,64.03333333333333,4,1,0,0,0,0,0,0
1922,64.06666666666666,1,0,0,0,0,0,0,0
1923,64.1,4,1,0,2,0,0,0,0
1924,64.13333333333333,4,0,0,3,0,0,0,0
1925,64.16666666666667,6,1,0,0,0,0,0,0
1926,64.2,4,0,0,1,0,0,0,0
1927,64.23333333333333,4,1,0,1,0,0,0,0
1928,64.26666666666667,4,1,0,1,0,0,0,0
1929,64.3,3,1,0,0,1,0,0,0
1930,64.33333333333333,3,1,0,1,0,0,0,0
1931,64.36666666666666,3,3,0,1,1,0,0,0
1932,64.4,3,3,0,0,1,0,0,0
1933,64.43333333333334,2,0,0,0,0,0,0,0
1934,64.46666666666667,3,2,0,1,0,0,0,0
1935,64.5,4,1,0,2,0,0,0,0
1936,64.53333333333333,3,0,0,2,1,0,0,0
1937,64.56666666666666,3,2,0,2,1,0,0,0
1938,64.6,3,0,0,2,1,0,0,0
1939,64.63333333333333,1,1,0,2,1,0,0,0
1940,64.66666666666667,2,1,0,2,2,0,0,0
1941,64.7,2,2,0,2,1,0,0,0
1942,64.73333333333333,3,1,0,2,0,0,0,0
1943,64.76666666666667,2,1,0,2,1,0,0,0
1944,64.8,3,0,0,0,0,0,0,0
1945,64.83333333333333,1,2,0,2,1,0,0,0
1946,64.86666666666666,2,2,0,2,0,0,1,0
1947,64.9,2,3,0,2,1,0,0,0
1948,64.93333333333334,4,2,0,2,1,0,0,0
1949,64.96666666666667,3,2,0,2,0,0,0,0
1950,65.0,2,3,0,2,1,0,0,0
1951,65.03333333333333,3,1,0,2,1,0,1,0
1952,65.06666666666666,4,2,0,2,1,0,0,0
1953,65.1,4,2,0,2,0,0,1,0
1954,65.13333333333333,5,3,0,2,2,0,0,0
1955,65.16666666666667,1,0,0,0,0,0,0,0
1956,65.2,4,2,0,2,1,0,0,0
1957,65.23333333333333,6,2,0,2,1,0,0,0
1958,65.26666666666667,6,1,0,2,2,0,0,0
1959,65.3,5,2,0,2,1,0,0,0
1960,65.33333333333333,6,2,0,2,0,0,0,0
1961,65.36666666666666,5,2,0,2,2,0,0,0
1962,65.4,6,4,0,2,0,0,0,0
1963,65.43333333333334,6,3,0,2,0,0,0,0
1964,65.46666666666667,7,4,0,2,0,0,0,0
1965,65.5,6,4,0,2,1,0,0,0
1966,65.53333333333333,2,0,0,0,0,0,0,0
1967,65.56666666666666,4,3,0,2,1,0,0,0
1968,65.6,4,5,0,2,0,0,0,0
1969,65.63333333333333,4,3,0,2,0,0,0,0
1970,65.66666666666667,5,4,0,2,0,0,0,0
1971,65.7,5,4,0,2,0,0,0,0
1972,65.73333333333333,5,4,0,2,0,0,0,0
1973,65.76666666666667,5,1,0,2,1,0,0,0
1974,65.8,6,5,0,2,1,0,0,0
1975,65.83333333333333,6,0,0,2,0,0,0,0
1976,65.86666666666666,5,2,0,3,1,0,0,0
1977,65.9,3,0,0,0,0,0,0,0
1978,65.93333333333334,2,0,0,0,0,0,0,0
1979,65.96666666666667,5,2,0,1,0,0,0,0
1980,66.0,5,2,0,1,0,0,0,0
1981,66.03333333333333,3,2,0,0,0,0,0,0
1982,66.06666666666666,3,3,0,0,1,0,0,0
1983,66.1,4,2,0,0,0,0,0,0
1984,66.13333333333333,4,3,0,0,0,0,0,0
1985,66.16666666666667,4,1,0,0,0,0,0,0
1986,66.2,5,3,0,0,0,0,0,0
1987,66.23333333333333,4,3,0,0,1,0,0,0
1988,66.26666666666667,5,1,0,0,0,0,0,1
1989,66.3,2,0,0,0,0,0,0,0
1990,66.33333333333333,5,2,0,0,1,0,0,1
1991,66.36666666666666,6,1,0,0,0,0,0,1
1992,66.4,4,2,0,0,1,0,0,1
1993,66.43333333333334,5,1,0,0,0,0,0,1
1994,66.46666666666667,5,2,0,0,0,0,0,1
1995,66.5,6,4,0,0,0,0,0,0
1996,66.53333333333333,5,2,0,0,0,0,0,1
1997,66.56666666666666,6,2,0,0,0,0,0,1
1998,66.6,5,4,0,0,0,0,0,1
1999,66.63333333333333,6,2,0,0,0,0,0,1
2000,66.66666666666667,2,0,0,0,0,0,0,0
2001,66.7,5,3,0,0,0,0,0,1
2002,66.73333333333333,8,1,0,0,1,0,0,1
2003,66.76666666666667,8,2,0,0,1,0,0,1
2004,66.8,6,2,1,0,0,0,0,1
2005,66.83333333333333,7,3,0,0,0,0,0,1
2006,66.86666666666666,6,3,1,0,0,0,0,1
2007,66.9,6,1,0,0,1,0,0,0
2008,66.93333333333334,7,1,0,0,0,0,0,1
2009,66.96666666666667,7,3,1,0,0,0,0,0
2010,67.0,6,3,0,0,1,0,0,1
2011,67.03333333333333,2,0,0,0,0,0,0,0
2012,67.06666666666666,6,3,2,0,0,0,0,0
2013,67.1,6,5,1,0,1,0,0,0
2014,67.13333333333333,7,2,1,0,1,0,0,0
2015,67.16666666666667,7,1,2,0,1,0,0,0
2016,67.2,7,1,2,0,0,0,0,1
2017,67.23333333333333,5,2,1,1,0,0,0,1
2018,67.26666666666667,6,1,2,0,1,0,0,0
2019,67.3,6,0,2,0,0,0,0,1
2020,67.33333333333333,8,1,2,0,0,0,0,1
2021,67.36666666666666,6,1,2,0,0,0,0,1
2022,67.4,3,0,0,0,0,0,0,0
2023,67.43333333333334,7,0,2,0,0,0,0,1
2024,67.46666666666667,7,0,2,0,0,0,0,0
2025,67.5,6,1,2,0,0,0,0,0
2026,67.53333333333333,7,3,2,0,0,0,0,1
2027,67.56666666666666,5,1,2,0,0,0,0,0
2028,67.6,6,1,2,0,0,1,0,0
2029,67.63333333333333,6,1,1,1,0,0,0,0
2030,67.66666666666667,8,2,2,0,0,0,0,1
2031,67.7,6,2,2,0,0,0,0,1
2032,67.73333333333333,6,2,2,0,0,0,0,1
2033,67.76666666666667,1,0,0,0,0,0,0,0
2034,67.8,6,0,2,0,0,0,0,0
2035,67.83333333333333,5,2,2,0,1,0,0,0
2036,67.86666666666666,5,1,2,0,0,0,0,0
2037,67.9,6,1,2,0,0,0,0,1
2038,67.93333333333334,6,1,2,0,0,0,0,1
2039,67.96666666666667,6,2,2,0,0,0,0,0
2040,68.0,6,2,2,0,0,0,0,0
2041,68.03333333333333,6,1,2,0,0,0,0,0
2042,68.06666666666666,5,2,2,0,0,0,0,0
2043,68.1,6,3,3,0,0,0,0,1
2044,68.13333333333333,2,0,0,0,0,0,0,0
2045,68.16666666666667,6,4,2,0,0,0,0,0
2046,68.2,8,1,2,0,0,0,0,0
2047,68.23333333333333,7,2,2,0,0,0,0,0
2048,68.26666666666667,8,2,2,0,0,0,0,1
2049,68.3,5,2,2,0,0,0,0,0
2050,68.33333333333333,7,2,2,0,0,0,0,0
2051,68.36666666666666,9,3,1,2,0,0,0,1
2052,68.4,8,2,2,1,0,0,0,0
2053,68.43333333333334,8,3,2,0,0,0,0,0
2054,68.46666666666667,7,2,2,1,1,0,0,0
2055,68.5,1,0,0,0,0,0,0,0
2056,68.53333333333333,7,3,2,2,0,0,0,0
2057,68.56666666666666,8,1,2,1,0,0,0,0
2058,68.6,10,1,2,2,0,0,0,0
2059,68.63333333333333,8,2,2,2,0,0,0,1
2060,68.66666666666667,6,1,1,0,0,0,0,1
2061,68.7,9,2,1,2,0,0,0,1
2062,68.73333333333333,8,2,1,1,0,0,0,0
2063,68.76666666666667,6,2,1,1,0,0,0,1
2064,68.8,5,2,1,0,1,0,0,0
2065,68.83333333333333,7,1,1,1,0,0,0,1
2066,68.86666666666666,2,0,0,0,0,0,0,0
2067,68.9,7,0,1,2,0,0,0,1
2068,68.93333333333334,6,0,1,3,0,0,0,1
2069,68.96666666666667,7,0,1,2,0,0,0,1
2070,69.0,7,0,1,2,0,0,0,1
2071,69.03333333333333,7,0,1,2,0,0,0,0
2072,69.06666666666666,6,0,1,2,0,0,0,1
2073,69.1,8,0,1,2,0,0,0,1
2074,69.13333333333333,9,0,1,2,0,0,0,1
2075,69.16666666666667,6,0,1,2,0,0,0,1
2076,69.2,9,1,1,2,0,0,0,0
2077,69.23333333333333,2,0,0,0,0,0,0,0
2078,69.26666666666667,8,0,1,2,1,0,0,1
2079,69.3,8,0,1,2,1,0,0,0
2080,69.33333333333333,11,1,1,2,0,0,0,1
2081,69.36666666666666,10,0,1,2,0,0,0,1
2082,69.4,8,0,1,2,0,0,0,1
2083,69.43333333333334,6,0,1,3,1,0,0,1
2084,69.46666666666667,6,0,1,1,1,0,0,1
2085,69.5,7,0,1,2,0,0,0,1
2086,69.53333333333333,7,0,1,3,2,0,0,1
2087,69.56666666666666,6,0,1,3,2,0,0,1
2088,69.6,2,0,0,0,0,0,0,0
2089,69.63333333333333,2,0,0,0,0,0,0,0
2090,69.66666666666667,6,0,0,2,2,0,0,1
2091,69.7,5,0,0,3,1,0,0,1
2092,69.73333333333333,5,0,0,2,1,0,0,1
2093,69.76666666666667,7,1,0,3,1,0,0,1
2094,69.8,6,1,0,2,2,0,0,1
2095,69.83333333333333,7,0,0,2,1,0,0,1
2096,69.86666666666666,7,1,0,2,1,0,0,1
2097,69.9,7,1,0,4,1,0,0,1
2098,69.93333333333334,6,1,0,3,2,0,0,0
2099,69.96666666666667,6,1,0,3,2,0,0,0
2100,70.0,2,0,0,0,0,0,0,0
2101,70.03333333333333,6,1,0,3,2,0,0,0
2102,70.06666666666666,6,0,0,4,2,0,0,0
2103,70.1,8,1,0,3,0,0,0,1
2104,70.13333333333333,7,1,0,3,1,0,0,1
2105,70.16666666666667,9,1,0,2,0,0,0,1
2106,70.2,10,0,0,2,0,0,0,0
2107,70.23333333333333,10,0,0,2,0,0,0,1
2108,70.26666666666667,8,0,0,1,2,0,0,1
2109,70.3,8,1,0,1,2,0,0,1
2110,70.33333333333333,7,2,0,1,2,0,0,0
2111,70.36666666666666,2,0,0,0,0,0,0,0
2112,70.4,7,1,0,1,1,0,0,0
2113,70.43333333333334,9,1,0,1,0,0,0,0
2114,70.46666666666667,8,1,0,1,0,0,0,1
2115,70.5,9,1,0,1,0,0,0,0
2116,70.53333333333333,11,3,0,1,0,0,0,0
2117,70.56666666666666,10,2,0,2,0,0,0,0
2118,70.6,10,2,0,2,0,0,0,0
2119,70.63333333333333,7,2,0,2,1,0,0,0
2120,70.66666666666667,7,3,0,2,1,0,0,0
2121,70.7,8,2,0,2,1,0,0,0
2122,70.73333333333333,2,0,0,0,0,0,0,0
2123,70.76666666666667,8,0,0,1,1,0,0,0
2124,70.8,1,0,0,0,0,0,0,0
2125,70.83333333333333,1,0,0,0,0,0,0,0
2126,70.86666666666666,1,0,0,0,0,0,0,0
2127,70.9,3,0,0,0,0,0,0,0
2128,70.93333333333334,2,0,0,0,0,0,0,0
2129,70.96666666666667,2,0,0,0,0,0,0,0
2130,71.0,4,0,0,0,0,0,0,0
2131,71.03333333333333,3,0,0,0,0,0,0,0
2132,71.06666666666666,3,0,0,0,0,0,0,0
2133,71.1,3,0,0,0,0,0,0,0
2134,71.13333333333333,2,0,0,0,0,0,0,0
2135,71.16666666666667,3,0,0,0,0,0,0,0
2136,71.2,3,0,0,0,0,0,0,0
2137,71.23333333333333,2,0,0,0,0,0,0,0
2138,71.26666666666667,2,0,0,0,0,0,0,0
2139,71.3,4,0,0,0,0,0,0,0
2140,71.33333333333333,5,0,0,0,0,0,0,0
2141,71.36666666666666,4,0,0,0,0,0,0,0
2142,71.4,4,0,0,0,0,0,0,0
2143,71.43333333333334,3,0,0,0,0,0,0,0
2144,71.46666666666667,4,0,0,0,0,0,0,0
2145,71.5,3,0,0,0,0,0,0,0
2146,71.53333333333333,3,0,0,0,0,0,0,0
2147,71.56666666666666,4,0,0,0,0,0,0,0
2148,71.6,4,0,0,0,0,0,0,0
2149,71.63333333333333,4,0,0,0,0,0,0,0
2150,71.66666666666667,5,0,0,0,0,0,0,0
2151,71.7,4,0,0,0,0,0,0,0
2152,71.73333333333333,4,0,0,0,0,0,0,0
2153,71.76666666666667,5,0,0,0,0,0,0,0
2154,71.8,5,0,0,0,0,0,0,0
2155,71.83333333333333,6,0,0,0,0,0,0,0
2156,71.86666666666666,4,0,0,0,0,0,0,0
2157,71.9,4,0,0,0,0,0,0,0
2158,71.93333333333334,4,0,0,0,0,0,0,0
2159,71.96666666666667,5,0,0,0,0,0,0,0
2160,72.0,4,0,0,0,0,0,0,0
2161,72.03333333333333,4,0,0,0,0,0,0,0
2162,72.06666666666666,3,0,0,0,0,0,0,0
2163,72.1,2,0,0,0,0,0,0,0
2164,72.13333333333333,3,0,0,0,0,0,0,0
2165,72.16666666666667,3,0,0,0,0,0,0,0
2166,72.2,3,0,0,0,1,0,0,0
2167,72.23333333333333,3,0,0,0,1,0,0,0
2168,72.26666666666667,3,0,0,0,0,0,0,0
2169,72.3,3,0,0,0,1,0,0,0
2170,72.33333333333333,3,0,0,0,1,0,0,0
2171,72.36666666666666,3,0,0,0,1,0,0,0
2172,72.4,3,0,0,0,1,0,0,0
2173,72.43333333333334,2,0,0,0,0,0,1,0
2174,72.46666666666667,1,0,0,0,0,0,0,0
2175,72.5,2,0,0,0,0,0,1,0
2176,72.53333333333333,3,0,0,0,0,0,1,0
2177,72.56666666666666,3,0,0,0,0,0,0,0
2178,72.6,2,0,0,0,0,0,1,0
2179,72.63333333333333,3,0,0,0,0,0,1,0
2180,72.66666666666667,3,0,0,0,1,0,0,0
2181,72.7,3,0,0,0,0,0,1,0
2182,72.73333333333333,2,0,0,0,0,0,1,0
2183,72.76666666666667,2,0,0,0,0,0,0,0
2184,72.8,2,0,0,0,0,0,0,0
2185,72.83333333333333,1,0,0,0,0,0,0,0
2186,72.86666666666666,2,0,0,1,0,0,0,0
2187,72.9,2,0,0,1,0,0,0,0
2188,72.93333333333334,2,0,0,1,0,0,0,0
2189,72.96666666666667,2,0,0,1,0,0,0,0
2190,73.0,2,0,0,1,0,0,0,0
2191,73.03333333333333,2,0,0,1,0,0,0,0
2192,73.06666666666666,2,0,0,1,0,0,1,0
2193,73.1,2,0,0,1,0,0,0,0
2194,73.13333333333333,3,0,0,1,0,0,1,0
2195,73.16666666666667,2,0,0,1,0,0,0,0
